X,Y,OBJECTID,source,ext_id,cat1,cat2,cat3,org_name,Name,addrln1,addrln2,city,state,hours,phones,email,url,info1,info2,post_id,description,zip,link,use_type,latitude,longitude,date_updated,dis_status,POINT_X,POINT_Y
-118.065921716535,33.8663312877149,2085,211,,Public Safety,Sheriff and Police Stations,Sheriff Stations,LA County Sheriff,Cerritos Sheriff Station,18135 S. Bloomfield Ave.,,Cerritos,CA,"Monday through Thursday, 8:00am to 9:00pm; Friday, 8:00am to 4:00pm.",Service/Intake (562) 860-0044,,http://www.lasd.org/stations/for3/cerritos/index.html,,,2221,"The department provides correctional programs, disaster services, environmental services, holiday assistance, law enforcement services, substance abuse services and youth services for the unincorporated areas of Los Angeles County and contracting cities.",90703,http://egis3.lacounty.gov/lms/?p=2221,publish,33.86633132,-118.06592166,2013/05/29 10:21:24+00,,6541657.49071123,1773741.89472215
-118.15772300618,34.03411471742,2094,211,,Public Safety,Sheriff and Police Stations,Sheriff Stations,LA County Sheriff,East Los Angeles Sheriff Station,5019 E. 3Rd St.,,Los Angeles,CA,"Monday through Thursday, 8:30am to 5:00pm; Friday, 8:30am to 3:30pm.",Service/Intake (323) 264-4151,,http://www.lasd.org/stations/for1/ela/index.html,,,2243,"The department provides correctional programs, disaster services, environmental services, holiday assistance, law enforcement services, substance abuse services and youth services for the unincorporated areas of Los Angeles County and contracting cities.",90022,http://egis3.lacounty.gov/lms/?p=2243,publish,34.03411475,-118.15772295,2013/05/29 10:12:06+00,,6513883.79953955,1834832.89229056
-118.438624056675,34.2827799661161,2095,211,,Public Safety,Sheriff and Police Stations,Police Stations,www.ci.san-fernando.ca.us/city_government/departments/police/index.shtml,City Of San Fernando Police Department,910 First St.,,San Fernando,CA,"Monday through Sunday, 24 hours per day. ",Direct Dispatch - Emergency and Non-Emergency Number Service/Intake (818) 898-1267,,www.ci.san-fernando.ca.us/city_government/departments/police/index.shtml,,,2253,The department provides law enforcement services and a variety of crime prevention programs for residents of the city of San Fernando.,91340,http://egis3.lacounty.gov/lms/?p=2253,publish,34.28278,-118.438624,2013/06/01 11:50:56+00,,6429172.30590513,1925578.37024806
-118.352743055715,33.91903396669,2096,211,,Public Safety,Sheriff and Police Stations,Police Stations,www.cityofhawthorne.com/depts/police/,City Of Hawthorne Police Department,12501 S. Hawthorne Blvd.,,Hawthorne,CA,"Monday through Sunday, 24 hours per day. ","Direct Dispatch - Emergency and Non-Emergency Number Service/Intake (310) 675-4443, Front Desk/General Business/Juvenile Srvs. Service/Intake (310) 349-2700",,www.cityofhawthorne.com/depts/police/,,,2255,The department provides law enforcement services for residents of the City of Hawthorne.,90250,http://egis3.lacounty.gov/lms/?p=2255,publish,33.919034,-118.352743,2013/06/01 11:50:56+00,,6454650.28972597,1793102.86157756
-118.133176995826,33.8514058273485,2099,211,,Public Safety,Sheriff and Police Stations,Sheriff Stations,LA County Sheriff,Lakewood Sheriff Station,5130 N. Clark Ave.,,Lakewood,CA,"Monday through Thursday, 8:30am to 8:00pm; Friday, 8:30am to 5:00pm.",Service/Intake (562) 623-3500,,http://www.lasd.org/stations/for3/lakewood/index.html,,,2259,"The department provides correctional programs, disaster services, environmental services, holiday assistance, law enforcement services, substance abuse services and youth services for the unincorporated areas of Los Angeles County and contracting cities.",90712,http://egis3.lacounty.gov/lms/?p=2259,publish,33.85140586,-118.13317694,2013/05/29 10:13:48+00,,6521232.59455322,1768330.37306489
-118.263010436255,33.8344949068495,2100,211,,Public Safety,Sheriff and Police Stations,Sheriff Stations,LA County Sheriff,Carson Sheriff Station,21356 S. Avalon Blvd.,,Carson,CA,"Monday through Thursday, 8:30am to 8:00pm; Friday, 8:30am to 5:00pm; Saturday, 9:00am to 5:00pm.",Service/Intake (310) 830-1123,,http://www.lasd.org/stations/for2/carson/index.html,,,2263,"The department provides correctional programs, disaster services, environmental services, holiday assistance, law enforcement services, substance abuse services and youth services for the unincorporated areas of Los Angeles County and contracting cities.",90745,http://egis3.lacounty.gov/lms/?p=2263,publish,33.83449494,-118.26301038,2013/05/29 10:09:38+00,,6481794.03858797,1762253.76842023
-118.197253055753,33.768985967793,2102,211,,Public Safety,Sheriff and Police Stations,Police Stations,www.longbeach.gov/police/,City Of Long Beach Police Department,400 W. Broadway,,Long Beach,CA,"Monday through Sunday, 24 hours per day. ","Graffiti Hotline Service/Intake (562) 570-2773, General Information Service/Intake and Administration (562) 570-7260, Permits/Licensing Service/Intake (562) 570-7219, Traffic Enforcement Service/Intake (562) 570-7209, Records Inquiries Service/Intake (562",,www.longbeach.gov/police/,,,2266,"The agency provides community services, law enforcement and mental health services for people who live in the city of Long Beach.",90802,http://egis3.lacounty.gov/lms/?p=2266,publish,33.768986,-118.197253,2013/06/01 11:50:56+00,,6501717.75267747,1738367.60162573
-118.224442956147,33.8940815671534,2106,211,,Public Safety,Sheriff and Police Stations,Sheriff Stations,LA County Sheriff,Compton Sheriff Station,301 S. Willowbrook Ave.,,Compton,CA,"Monday through Thursday, 9:00am to 5:00pm; Friday, 10:00am to 12:00pm.",Community Relations Service/Intake (310) 605-6500,,http://www.lasd.org/stations/for2/compton/index.html,,,2275,"The department provides correctional programs, disaster services, environmental services, holiday assistance, law enforcement services, substance abuse services and youth services for the unincorporated areas of Los Angeles County and contracting cities.",90220,http://egis3.lacounty.gov/lms/?p=2275,publish,33.8940816,-118.2244429,2013/05/29 10:22:13+00,,6493555.38645631,1783910.37143239
-118.327060765079,33.3431054879235,2107,211,,Public Safety,Sheriff and Police Stations,Sheriff Stations,LA County,Avalon Sheriff Station,215 Sumner Ave.,,Avalon,CA,"Monday through Thursday, 9:00am to 5:00pm; Friday, 9:00am to 1:00pm.",Service/Intake (310) 510-0174,,http://www.lasd.org/stations/for3/avalon/index.html ,,,2276,"The department provides correctional programs, disaster services, environmental services, holiday assistance, law enforcement services, substance abuse services and youth services for the unincorporated areas of Los Angeles County and contracting cities.",90704,http://egis3.lacounty.gov/lms/?p=2276,publish,33.34310552,-118.32706071,2013/05/29 10:06:15+00,,6461760.11966638,1583475.3097049
-118.230346496432,34.221033316438,2115,211,,Public Safety,Sheriff and Police Stations,Sheriff Stations,LA County Sheriff,Crescenta Valley Sheriff Station,4554 N. Briggs,,La Crescenta,CA,"Monday through Wednesday, 10:00am to 8:00pm; Thursday and Friday, 10:00am to 5:00pm; Saturday, 11:00am to 5:00pm.",Service/Intake (818) 248-3464,,http://www.lasd.org/stations/for1/cresenta-valley/index.html,,,2298,"The department provides correctional programs, disaster services, environmental services, holiday assistance, law enforcement services, substance abuse services and youth services for the unincorporated areas of Los Angeles County and contracting cities.",91214,http://egis3.lacounty.gov/lms/?p=2298,publish,34.22103335,-118.23034644,2013/05/29 10:11:29+00,,6492036.41672522,1902898.34244548
-118.297854455676,33.9308991669382,2119,LA County Sheriff,1015579013,Public Safety,Sheriff and Police Stations,Sheriff Stations,LA County,South Los Angeles Sheriff Station,1310 W. Imperial Hwy.,,Los Angeles,CA,"Monday through Wednesday, 12:00noon to 8:00pm; Thursday, 11:00am to 6:00pm; Friday and Saturday, 11:00am to 5:00pm.","Service/Intake (323) 820-6700
",,http://www.lasdhq.org/stations/for2/South-LA/index.html,,,2312,,90044,http://egis3.lacounty.gov/lms/?p=2312,publish,33.9308992,-118.2978544,2013/06/04 13:42:23+00,,6471315.89287764,1797366.9645979
-118.227374606163,33.9277024375623,2123,211,,Public Safety,Sheriff and Police Stations,Sheriff Stations,LA County Sheriff,Century Sheriff Station,11703 S. Alameda St.,,Lynwood,CA,"Monday throughThursday, 8:00am to 4:00pm; Friday, 8:00am to 12:00pm.",Service/Intake (323) 568-4800,,http://www.lasd.org/stations/for2/century/index.html,,,2323,"The department provides correctional programs, disaster services, environmental services, holiday assistance, law enforcement services, substance abuse services and youth services for the unincorporated areas of Los Angeles County and contracting cities.",90262,http://egis3.lacounty.gov/lms/?p=2323,publish,33.92770247,-118.22737455,2013/05/29 10:10:41+00,,6492693.35405964,1796147.7485324
-118.132478056548,34.1895739070589,2127,211,,Public Safety,Sheriff and Police Stations,Sheriff Stations,LA County Sheriff,Altadena Sheriff Station,780 E. Altadena Dr.,,Altadena,CA,"Monday, 11:00am to 1:30pm; Tuesday, 3:30pm to 5:00pm; Friday, 11:00am to 2:00pm.",Service/Intake (626) 798-1131,,http://www.lasd.org/stations/for1/altadena/index.html ,,,2331,"The department provides correctional programs, disaster services, environmental services, holiday assistance, law enforcement services, substance abuse services and youth services for the unincorporated areas of Los Angeles County and contracting cities.",91001,http://egis3.lacounty.gov/lms/?p=2331,publish,34.18957394,-118.132478,2013/05/29 09:57:21+00,,6521607.01079914,1891396.31033148
-118.445727885752,33.9695412567765,2128,211,,Public Safety,Sheriff and Police Stations,Sheriff Stations,LA County Sheriff,Marina Del Rey Sheriff Station,13851 Fiji Way,,Marina Del Rey,CA,"Monday, 7:30am to 4:0pm; Tuesday through Thursday, 7:30am to 8:00pm; and Friday, 7:30am to 4:00pm.",Service/Intake (310) 482-6000,,http://www.lasd.org/stations/for2/mdr/index.html,,,2342,"The department provides correctional programs, disaster services, environmental services, holiday assistance, law enforcement services, substance abuse services and youth services for the unincorporated areas of Los Angeles County and contracting cities.",90292,http://egis3.lacounty.gov/lms/?p=2342,publish,33.96954129,-118.44572783,2013/05/29 10:24:04+00,,6426520.93916063,1811595.44204639
-118.714184815887,34.1373567163377,2129,211,,Public Safety,Sheriff and Police Stations,Sheriff Stations,LA County Sheriff,Malibu/Lost Hills Sheriff Station,27050 Agoura Rd.,,Calabasas,CA,"Monday, 8:00am to 7:00pm; Tuesday through Thursday, 8:00am to 5:00pm; Friday, 8:00am to 2:00pm.",Service/Intake (818) 878-1808,,http://www.lasd.org/stations/for1/malibu_lhill/index.html,,,2347,"The department provides correctional programs, disaster services, environmental services, holiday assistance, law enforcement services, substance abuse services and youth services for the unincorporated areas of Los Angeles County and contracting cities.",91301,http://egis3.lacounty.gov/lms/?p=2347,publish,34.13735675,-118.71418476,2013/05/29 10:08:33+00,,6345556.98396289,1873134.87375732
-118.069381766905,33.9142241572352,2134,211,,Public Safety,Sheriff and Police Stations,Sheriff Stations,LA County Sheriff,Norwalk Sheriff Station,12335 Civic Center Dr.,,Norwalk,CA,"Monday, Tuesday and Thursday, 12:00 noon to 7:00pm; Wednesday, 12:00 noon to 6:00pm; Saturday, 10:00am to 5:00pm.","Safe Drug Drop Off Location (Medication Disposal) Service/Intake (323) 267-4800,  Service/Intake (562) 863-8711",,http://www.lasd.org/stations/for3/norwalk/index.html,,,2369,"The department provides correctional programs, disaster services, environmental services, holiday assistance, law enforcement services, substance abuse services and youth services for the unincorporated areas of Los Angeles County and contracting cities.",90650,http://egis3.lacounty.gov/lms/?p=2369,publish,33.91422419,-118.06938171,2013/05/29 10:17:29+00,,6540619.10039955,1791171.9494289
-118.320554545514,33.7854429372159,2137,211,,Public Safety,Sheriff and Police Stations,Sheriff Stations,LA County Sheriff,Lomita Sheriff Station,26123 S. Narbonne Ave.,,Lomita,CA,"Monday, Tuesday, 8:00am to 5:00pm; Wednesday and Thursday, 8:00am to 9:00pm; Friday, 9:00am to 5:00pm; Saturday, 8:00am to 5:00pm.","Safe Drug Drop Off Location (Medication Disposal) Service/Intake (323) 267-4800,  Service/Intake (310) 539-1661",,http://www.lasd.org/stations/for2/lomita/index.html,,,2373,"The department provides correctional programs, disaster services, environmental services, holiday assistance, law enforcement services, substance abuse services and youth services for the unincorporated areas of Los Angeles County and contracting cities.",90717,http://egis3.lacounty.gov/lms/?p=2373,publish,33.78544297,-118.32055449,2013/05/29 10:15:10+00,,6464261.00934964,1744453.25579298
-118.388431055374,33.8453079669495,2138,211,,Public Safety,Sheriff and Police Stations,Police Stations,www.redondo.org/police,City Of Redondo Beach Police Department,401 Diamond St.,,Redondo Beach,CA,"Monday through Sunday, 24 hours per day. ","Direct Dispatch - Emergency Number Service/Intake (310) 379-5411, Direct Dispatch - Non Emergency Number (desk officer) Service/Intake (310) 379-2477 Ext.1-2351",,www.redondo.org/police,,,2376,The police department provides law enforcement services for residents of Redondo Beach.,90277,http://egis3.lacounty.gov/lms/?p=2376,publish,33.845308,-118.388431,2013/06/01 11:50:56+00,,6443719.14196889,1766312.31673355
-117.889006057361,34.0897789672391,2142,211,,Public Safety,Sheriff and Police Stations,Police Stations,www.ci.covina.ca.us/police,City Of Covina Police Department,444 N. Citrus Ave.,,Covina,CA,"Monday through Sunday, 24 hours per day. ","Direct Dispatch - Emergency Number Service/Intake (626) 384-5808, Graffiti Hotline Service/Intake (626) 384-5599, Non-emergency Service/Intake (626) 384-5595,  Information Only (626) 331-3391",,www.ci.covina.ca.us/police,,,2392,The department provides law enforcement services for the city of Covina.,91723,http://egis3.lacounty.gov/lms/?p=2392,publish,34.089779,-117.889006,2013/06/01 11:50:56+00,,6595276.66792147,1855071.25437281
-118.137744557837,34.6990298661746,2146,211,,Public Safety,Sheriff and Police Stations,Sheriff Stations,LA County,Lancaster Sheriff Station,501 W. Lancaster Blvd.,,Lancaster,CA,"Monday, Tuesday, Wednesday, and Friday, 9:00am to 11:30pm.",Service/Intake (661) 948-8466,,http://www.lasd.org/stations/for1/lancaster/index.html,,,2399,"The department provides correctional programs, disaster services, environmental services, holiday assistance, law enforcement services, substance abuse services and youth services for the unincorporated areas of Los Angeles County and contracting cities.",93534,http://egis3.lacounty.gov/lms/?p=2399,publish,34.6990299,-118.1377445,2013/05/29 10:05:16+00,,6520268.40258397,2076800.64883964
-118.117007076741,34.5862449161355,2147,211,,Public Safety,Sheriff and Police Stations,Sheriff Stations,LA County Sheriff,Palmdale Sheriff Station,750 East Ave. Q,,Palmdale,CA,"Monday, Tuesday, Wednesday, and Friday, 9:00am to 11:30pm.","Service/Intake (661) 272-2400,  FAX (661) 272-2413, Parking Enforcement / Abandoned Vehichles Service/Intake (661) 267-5436",,http://www.lasd.org/stations/for1/palmdale/index.html,,,2400,"The department provides correctional programs, disaster services, environmental services, holiday assistance, law enforcement services, substance abuse services and youth services for the unincorporated areas of Los Angeles County and contracting cities.",93550,http://egis3.lacounty.gov/lms/?p=2400,publish,34.58624495,-118.11700702,2013/05/29 10:24:48+00,,6526453.69434722,2035747.12727231
-117.958772837391,34.0249704170282,2148,211,,Public Safety,Sheriff and Police Stations,Sheriff Stations,LA County Sheriff,Industry Sheriff Station,150 N. Hudson Ave.,,Industry,CA,"Monday, Tuesday,Thursday, 8:30am to 5:00pm; Wednesday, 11:30am to 8:00pm; Friday, 9:30am to 5:00pm.","Service/Intake (626) 330-3322,  Service/Intake (909) 595-3649",,http://www.lasd.org/stations/for3/industry/index.html,,,2405,"The department provides correctional programs, disaster services, environmental services, holiday assistance, law enforcement services, substance abuse services and youth services for the unincorporated areas of Los Angeles County and contracting cities.",91744,http://egis3.lacounty.gov/lms/?p=2405,publish,34.02497045,-117.95877278,2013/05/29 10:13:18+00,,6574162.62517589,1831470.17329423
-118.391590755593,33.7997554869829,2153,211,,Public Safety,Sheriff and Police Stations,Police Stations,www.pvestates.org,City Of Palos Verdes Estates Police Department,340 Palos Verdes Dr W,,Palos Verdes Estates,CA,"Monday through Sunday, 24 hours per day. ","Community Relations Officer Service/Intake (310) 378-4211 Ext.2118, Direct Dispatch - Emergency Number Emergency (310) 378-5211, Direct Dispatch - Non Emergency Number Service/Intake (310) 378-4211,  TDD (310) 373-8018",,www.pvestates.org,,,2420,The department provides law enforcement services for the city of Palos Verdes Estates.,90274,http://egis3.lacounty.gov/lms/?p=2420,publish,33.79975552,-118.3915907,2013/06/01 11:50:56+00,,6442695.08824272,1749738.4161544
-118.126629526881,34.0919335766317,2156,211,,Public Safety,Sheriff and Police Stations,Police Stations,www.cityofalhambra.org,Alhambra Police Department,211 S. First St.,,Alhambra,CA,24 hours per day. ,"Watch Commander Service/Intake (626) 570-5130, Direct Dispatch - Emergency and Non-Emergency Number Service/Intake (626) 570-5151, 24-hour General Information Service/Intake and Administration (626) 570-5168",,www.cityofalhambra.org,,,2431,The department provides law enforcement services for the city of Alhambra.,91801,http://egis3.lacounty.gov/lms/?p=2431,publish,34.09193361,-118.12662947,2014/12/24 09:31:16+00,,6523330.92992347,1855860.94865955
-118.088892156649,33.9819146667651,2158,211,,Public Safety,Sheriff and Police Stations,Sheriff Stations,LA County Sheriff,Pico Rivera Sheriff Station,6631 S. Passons Blvd.,,Pico Rivera,CA,"Office hours are Monday through Friday, 8:00am to 4:00pm and 5:45pm to 9:30pm.",Service/Intake (562) 949-2421,,http://www.lasd.org/stations/for3/pico-rivera/index.html,,,2437,"The department provides correctional programs, disaster services, environmental services, holiday assistance, law enforcement services, substance abuse services and youth services for the unincorporated areas of Los Angeles County and contracting cities.",90660,http://egis3.lacounty.gov/lms/?p=2437,publish,33.9819147,-118.0888921,2013/05/29 10:16:25+00,,6534721.20274656,1815810.6580254
-118.307637555834,33.8837265369269,2159,211,,Public Safety,Sheriff and Police Stations,Police Stations,www.gardenapd.org,City Of Gardena Police Department,1718 W 162Nd St,,Gardena,CA,"Monday through Sunday, 24 hours per day. ","Direct Dispatch - Emergency and Non-Emergency Number Service/Intake (310) 323-7911,  Service/Intake and Administration (310) 217-9670, Records Service/Intake (310) 217-9600, Custody Information Service/Intake (310) 217-9632",,www.gardenapd.org,,,2440,The department provides law enforcement services for the city of Gardena.,90247,http://egis3.lacounty.gov/lms/?p=2440,publish,33.88372657,-118.3076375,2013/06/01 11:50:56+00,,6468295.64826196,1780208.77122407
-118.248869056866,34.1469269670901,2160,211,,Public Safety,Sheriff and Police Stations,Police Stations,police.ci.glendale.ca.us,City Of Glendale Police Department,131 N. Isabel St.,,Glendale,CA,"Monday through Sunday, 24 hours per day. ","Direct Dispatch - Emergency and Non-Emergency Number Service/Intake (818) 548-4911, General Info Service/Intake and Administration (818) 548-4840, Records Service/Intake (818) 548-3135, Youth Services - Day Service/Intake (818) 548-4037, Traffic Accident ",,police.ci.glendale.ca.us,,,2449,The department provides law enforcement services for the city of Glendale.,91206,http://egis3.lacounty.gov/lms/?p=2449,publish,34.146927,-118.248869,2013/06/01 11:50:56+00,,6486370.27320188,1875943.12863947
-118.076033646703,34.1028315771342,2170,211,,Public Safety,Sheriff and Police Stations,Sheriff Stations,LA County Sheriff,Temple Sheriff Station,8838 E. Las Tunas Dr.,,Temple City,CA,"Saturday, 8:00am to 1:00pm.",Service/Intake (626) 285-7171,,http://www.lasd.org/stations/for1/temple/index.html,,,2461,"The department provides correctional programs, disaster services, environmental services, holiday assistance, law enforcement services, substance abuse services and youth services for the unincorporated areas of Los Angeles County and contracting cities.",91780,http://egis3.lacounty.gov/lms/?p=2461,publish,34.10283161,-118.07603359,2013/05/29 10:19:09+00,,6538652.75787555,1859811.49226764
-118.185705056328,33.8446389676784,2173,211,,Public Safety,Sheriff and Police Stations,Police Stations,www.longbeach.gov/police/,Long Beach Police Department - North Patrol Division,4891 Atlantic Ave.,,Long Beach,CA,"Monday through Sunday, 24 hour sper day. ","Service/Intake and Hotline (562) 570-9800, Direct Dispatch - Emergency and Non-Emergency Number Service/Intake (562) 435-6711",,www.longbeach.gov/police/,,,2464,"The agency provides community services, law enforcement and mental health services for people who live in the city of Long Beach.",90807,http://egis3.lacounty.gov/lms/?p=2464,publish,33.844639,-118.185705,2013/06/01 11:50:56+00,,6505278.48276073,1765893.04427814
-118.215631056217,33.790484967575,2174,211,,Public Safety,Sheriff and Police Stations,Police Stations,www.longbeach.gov/police/,Long Beach Police Department - West Patrol Division,1835 Santa Fe Ave.,,Long Beach,CA,"Monday through Sunday, 24 hours per day. ","Service/Intake and Hotline (562) 570-3409, Direct Dispatch - Emergency and Non-Emergency Number Service/Intake (562) 435-6711",,www.longbeach.gov/police/,,,2465,"The agency provides community services, law enforcement and mental health services for people who live in the city of Long Beach.",90810,http://egis3.lacounty.gov/lms/?p=2465,publish,33.790485,-118.215631,2013/06/01 11:50:56+00,,6496148.78153197,1746203.14993098
-118.13782005609,33.7928649677133,2175,211,,Public Safety,Sheriff and Police Stations,Police Stations,www.longbeach.gov/police/,Long Beach Police Department - East Patrol Division,4800 Los Coyotes Diagonal,,Long Beach,CA,"Monday through Sunday, 24 hours per day. ","Service/Intake (562) 570-5880, Direct Dispatch - Emergency and Non-Emergency Number Service/Intake (562) 435-6711",,www.longbeach.gov/police/,,,2466,"The agency provides community services, law enforcement and mental health services for people who live in the city of Long Beach.",90815,http://egis3.lacounty.gov/lms/?p=2466,publish,33.792865,-118.13782,2013/06/01 11:50:56+00,,6519793.57052839,1747027.72899048
-118.197253055753,33.768985967793,2176,211,,Public Safety,Sheriff and Police Stations,Police Stations,www.longbeach.gov/police/,Long Beach Police Department - South Patrol Division,400 W. Broadway,,Long Beach,CA,"Monday through Sunday, 24 hours per day. ","General Information Service/Intake (562) 570-7260, Direct Dispatch - Emergency and Non-Emergency number Service/Intake (562) 435-6711",,www.longbeach.gov/police/,,,2467,"The agency provides community services, law enforcement and mental health services for people who live in the city of Long Beach.",90802,http://egis3.lacounty.gov/lms/?p=2467,publish,33.768986,-118.197253,2013/06/01 11:50:56+00,,6501717.75267747,1738367.60162573
-118.387567055633,33.8383629672155,2371,211,,Public Safety,Sheriff and Police Stations,Police Stations,www.redondo.org/police,Redondo Beach Police Department - Pier Sub Station,133 W. Torrance Blvd.,,Redondo Beach,CA,"Hours vary; contact the agency for site hours. ",Direct Dispatch - Non Emergency Number (desk officer) Service/Intake (310) 379-2477 Ext.1-2351,,www.redondo.org/police,,,2641,The police department provides law enforcement services for residents of Redondo Beach.,90277,http://egis3.lacounty.gov/lms/?p=2641,publish,33.838363,-118.387567,2013/06/01 11:50:56+00,,6443971.75826155,1763783.85984823
-117.865451357067,34.1350575767224,3180,HSIP Freedom Manual,,Public Safety,Sheriff and Police Stations,Police Stations,LA County,Glendora Police Department,150 S Glendora Ave,,Glendora,CA,24 hours,Phone: (626) 914-8250 - Fax (626) 963-2154,police@glendorapd.org,http://www.ci.glendora.ca.us/index.aspx?page=47,,,3307,Overview  The Department Provides Law Enforcement Services For The City Of Glendora.,91741,http://egis3.lacounty.gov/lms/?p=3307,publish,34.13505761,-117.8654513,2010/11/01 19:50:56+00,,6602386.4089513,1871557.67907706
-118.344184155512,33.8915015070889,3182,Current Services Locator,,Public Safety,Sheriff and Police Stations,Sheriff Stations,LA County,Lawndale Sheriff Service Center,15331 Prairie Ave.,,Lawndale,CA,,(310) 219-2750 (Primary),,http://www.lasd.org/stations/for2/lennox/lawndale.html,,,3310,,90260,http://egis3.lacounty.gov/lms/?p=3310,publish,33.89150154,-118.3441841,2011/10/04 18:54:44+00,,6457212.68847255,1783074.21726482
-118.35432535641,33.9614764572796,3316,Current Services Locator,,Public Safety,Sheriff and Police Stations,Police Stations,LA County,Inglewood Police Department,1 Manchester Blvd.,,Inglewood,CA,"Monday through Thursday, 8:00am to 9:00pm; Friday, 8:00am to 4:00pm.","Administration Administrative (310) 412-5200, Community Affairs Service/Intake (310) 412-5530, 24 Hour Info/Front Desk Service/Intake (310) 412-5211, Direct Dispatch - Emergency and Non-Emergency Number Service/Intake (310) 412-877",,cityofinglewood.org/depts/police/default.asp,,,4125,The Agency Provides Law Enforcement Services For The City Of Inglewood.,90301,http://egis3.lacounty.gov/lms/?p=4125,publish,33.96147649,-118.3543253,2010/11/01 19:50:56+00,,6454224.67738822,1808550.21454106
-118.188466056537,33.9792409668757,3474,Current Services Locator,,Public Safety,Sheriff and Police Stations,Police Stations,LA County,Bell Police Department,6326 Pine Ave.,,Bell,CA,"Monday through Friday, 7:30am to 5:30pm.","Service/Intake and Administration (323) 588-6211, Bell Anonymous Tip Line Service/Intake (323) 923-2655,  FAX (323) 562-0410, Direct Dispatch - 24-Hours - Emergency Number Service/Intake (323) 585-124",,www.usacops.com/ca/p90201b,,,4280,The Department Provides Law Enforcement Services For The City Of Bell.,90201,http://egis3.lacounty.gov/lms/?p=4280,publish,33.979241,-118.188466,2015/07/09 10:43:42+00,,6504531.91076306,1814879.29112172
-118.308914456449,34.1828985965419,3475,Current Services Locator,,Public Safety,Sheriff and Police Stations,Police Stations,LA County,Burbank Police Department,200 N. Third St.,,Burbank,CA,"Monday through Friday, 8:00am to 4:30pm.","Business Calls Service/Intake (818) 238-3130,  Information Only (818) 238-3333, Vice/Narcotics Service/Intake (818) 238-3280, Jail Information Service/Intake (818) 238-3010, Traffic Bureau Service/Intake (818) 238-3100, Detective Bureau Service/Inta",,www.ci.burbank.ca.us/police,,,4281,The Department Provides Law Enforcement Services For The City Of Burbank.,91502,http://egis3.lacounty.gov/lms/?p=4281,publish,34.18289863,-118.3089144,2010/11/01 19:50:56+00,,6468242.67658314,1889084.20406331
-118.12666325686,33.9413627073305,3476,Current Services Locator,,Public Safety,Sheriff and Police Stations,Police Stations,LA County,Downey Police Department,10911 Brookshire Ave.,,Downey,CA,"Monday through Sunday, 24 hours per day.","FAX (562) 904-2384, Direct Dispatch - Emergency and Non-Emergency Service/Intake (562) 861-0771, Direct Dispatch - Emergency Number for Agencies Only Service/Intake (562) 904-236",,www.downeypd.org,,,4282,The Department Provides Law Enforcement Services For The City Of Downey.,90241,http://egis3.lacounty.gov/lms/?p=4282,publish,33.94136274,-118.1266632,2010/11/01 19:50:56+00,,6523251.67122371,1801065.21770006
-118.218923056334,33.9799629670561,55865,211,,Public Safety,Sheriff and Police Stations,Police Stations,www.huntingtonparkpd.org,City Of Huntington Park Police Department,6542 Miles Ave.,,Huntington Park,CA,"Monday through Sunday, 24 hours per day. ","Watch Commander Administrative (323) 826-6614, Chief Administrative (323) 826-6629, Detective Division Service/Intake and Administration (323) 826-6656, Records Service/Intake and Administration (323) 826-6611, Jail Service/Intake and Administration (323)",,www.huntingtonparkpd.org,,,57843,The agency provides law enforcement services for the city of Huntington Park.,90255,http://egis3.lacounty.gov/lms/?p=57843,publish,33.979963,-118.218923,2013/06/01 11:50:56+00,,6495298.65691988,1815160.75315723
-118.490387456335,34.0129445469276,57606,211,,Public Safety,Sheriff and Police Stations,Police Stations,www.santamonicapd.org,City Of Santa Monica Police Department,333 Olympic Blvd,,Santa Monica,CA,"Monday through Sunday, 24 hours per day. ","Parking Enforcement Service/Intake (310) 458-8466, General Information Service/Intake (310) 395-9931, Direct Dispatch - Emergency number Emergency (310) 458-8491, Community Relations Service/Intake (310) 458-8474, Domestic Crisis Unit Service/Intake (310)",,www.santamonicapd.org,,,59159,"The department provides domestic violence services, drug abuse services, law enforcement services and youth services for the City of Santa Monica.",90401,http://egis3.lacounty.gov/lms/?p=59159,publish,34.01294458,-118.4903874,2013/06/01 11:50:56+00,,6413056.84666631,1827453.66525115
-118.000061056876,34.1479489666795,57607,211,,Public Safety,Sheriff and Police Stations,Police Stations,www.cityofmonrovia.org,City Of Monrovia Police Department,140 E. Lime Ave.,,Monrovia,CA,"Monday through Sunday, 24 hours per day. ","Direct Dispatch - Emergency Number Emergency (626) 256-8088,  FAX (626) 256-8025,  Service/Intake (626) 256-8000",,www.cityofmonrovia.org,,,59160,The department provides drug abuse services for youth and law enforcement services for the city of Monrovia.,91016,http://egis3.lacounty.gov/lms/?p=59160,publish,34.147949,-118.000061,2013/06/01 11:50:56+00,,6561651.87034181,1876221.83936815
-117.934013057108,34.1041949673626,57910,211,,Public Safety,Sheriff and Police Stations,Police Stations,www.ci.irwindale.ca.us/police_dept/,City Of Irwindale Police Department,5050 N. Irwindale Ave.,,Irwindale,CA,"Monday through Sunday, 24 hours per day. ","Direct Dispatch - Emergency and Non-Emergency Number Service/Intake (626) 430-2244,  Service/Intake (626) 962-3601,  FAX (626) 856-0471",,www.ci.irwindale.ca.us/police_dept/,,,59363,The department provides law enforcement and substance abuse services for the city of Irwindale.,91706,http://egis3.lacounty.gov/lms/?p=59363,publish,34.104195,-117.934013,2013/06/01 11:50:56+00,,6581646.17845023,1860305.50899614
-118.244030056353,34.0523409670783,57911,211,,Public Safety,Sheriff and Police Stations,Police Stations,www.lapdonline.org,City Of Los Angeles Police Department - Headquarters,100 W. 1st St.,,Los Angeles,CA,"Monday through Sunday, 24 hours per day. ","Tip Line Service/Intake and Hotline (877) 529-3855, Terrorist Threats Service/Intake and Hotline (877) 284-7328, Burglar Alarms Service/Intake (213) 485-2102, Anti-Drug Hotline Hotline/Talkline/Warmline (213) 972-2565, Youth Programs Service/Intake (213) ",,www.lapdonline.org,,,59364,The department provides law enforcement and youth services for the City of Los Angeles.,90012,http://egis3.lacounty.gov/lms/?p=59364,publish,34.052341,-118.24403,2013/06/01 11:50:56+00,,6487750.83671372,1841518.01835598
-118.256302055932,34.0125639671907,57912,211,,Public Safety,Sheriff and Police Stations,Police Stations,www.lapdonline.org,Los Angeles Police Department - Newton Community Police Station,3400 S. Central Ave.,,Los Angeles,CA,"Monday through Sunday, 24 hours per day. ","Service/Intake (323) 846-6548, Direct Dispatch - Emergency Number Emergency (213) 928-8206, DV/Major Assault Service/Intake (323) 846-6569,  Service/Intake (323) 846-6549,  Service/Intake (323) 846-6547,  Service/Intake (323) 846-6504, non-ER number   TDD",,www.lapdonline.org,,,59365,The department provides law enforcement and youth services for the City of Los Angeles.,90011,http://egis3.lacounty.gov/lms/?p=59365,publish,34.012564,-118.256302,2013/06/01 11:50:56+00,,6483996.60504897,1827051.67819422
-118.420218055744,33.9915279671434,57913,211,,Public Safety,Sheriff and Police Stations,Police Stations,www.lapdonline.org,Los Angeles Police Department - Pacific Community Police Station,12312 Culver Blvd.,,Los Angeles,CA,"Monday through Sunday, 24 hours per day. ","Non-emergency Police Response (ASK LAPD) Dispatch Service/Intake (877) 275-5273, DV/Major Assault Service/Intake (310) 482-6379, Youth Services Officer Service/Intake (310) 202-4525, Front Desk Service/Intake (310) 482-6335, Front Desk Service/Intake (310",,www.lapdonline.org,,,59366,The department provides law enforcement and youth services for the City of Los Angeles.,90066,http://egis3.lacounty.gov/lms/?p=59366,publish,33.991528,-118.420218,2013/06/01 11:50:56+00,,6434289.19298105,1819563.48024414
-118.269774056464,33.7714899674226,57914,211,,Public Safety,Sheriff and Police Stations,Police Stations,www.lapdonline.org,Los Angeles Police Department - Harbor Community Police Station,221 Bayview Ave.,,Wilmington,CA,"Monday through Sunday, 24 hours per day. ","TDD (310) 548-2571, DV/Major Assault Service/Intake (310) 548-7621,  Service/Intake (310) 726-7700, Toll Free Citywide LAPD Non-Emergency Number Service/Intake (877) 275-5273, Harbor Area Community Relations/Youth Services Officer Service/Intake (310) 548",,www.lapdonline.org,,,59367,The department provides law enforcement and youth services for the City of Los Angeles.,90744,http://egis3.lacounty.gov/lms/?p=59367,publish,33.77149,-118.269774,2013/06/01 11:50:56+00,,6479678.39321297,1739330.08067189
-118.38586305621,34.1719859670001,57915,211,,Public Safety,Sheriff and Police Stations,Police Stations,www.lapdonline.org,Los Angeles Police Department - North Hollywood Community Police Station,11640 Burbank Blvd.,,North Hollywood,CA,"Monday through Sunday, 24 hours per day. ","Youth Services Officer Service/Intake (818) 633-4001, DV/Major Assault Service/Intake (818) 623-4065, Non-emergency Police Response (ASK LAPD) Dispatch Service/Intake (877) 275-5273, Direct Dispatch - Emergency Number Emergency (213) 928-8206,  TDD (818) ",,www.lapdonline.org,,,59368,The department provides law enforcement and youth services for the City of Los Angeles.,91601,http://egis3.lacounty.gov/lms/?p=59368,publish,34.171986,-118.385863,2013/06/01 11:50:56+00,,6444955.30517897,1885193.3578424
-118.305030056656,34.0106709670585,57916,211,,Public Safety,Sheriff and Police Stations,Police Stations,www.lapdonline.org,Los Angeles Police Department - Southwest Community Police Station,1546 W. Martin Luther King Jr. Blvd.,,Los Angeles,CA,"Monday through Sunday, 24 hours per day. ","Detective Desk Service/Intake and Administration (213) 485-6571, DV/Major Assault Service/Intake (213) 485-2586, Non-emergency Police Response (ASK LAPD) Dispatch Service/Intake (877) 275-5273,  Service/Intake (213) 847-5800, Direct Dispatch - Emergency N",,www.lapdonline.org,,,59369,The department provides law enforcement and youth services for the City of Los Angeles.,90062,http://egis3.lacounty.gov/lms/?p=59369,publish,34.010671,-118.30503,2013/06/01 11:50:56+00,,6469227.26877405,1826404.01315098
-118.53183105643,34.2564259666321,57917,211,,Public Safety,Sheriff and Police Stations,Police Stations,www.lapdonline.org,Los Angeles Police Department - Devonshire Community Police Station,10250 Etiwanda Ave.,,Northridge,CA,"Monday through Sunday, 24 hours per day. ","Front Desk Service/Intake (818) 832-0633, DV/Major Assault Service/Intake (818) 756-2891, Non-emergency Police Response (ASK LAPD) Dispatch Service/Intake (877) 275-5273, Direct Dispatch - Emergency Number Emergency (213) 928-8206,  TDD (818) 756-9033, Yo",,www.lapdonline.org,,,59370,The department provides law enforcement and youth services for the City of Los Angeles.,91325,http://egis3.lacounty.gov/lms/?p=59370,publish,34.256426,-118.531831,2013/06/01 11:50:56+00,,6400966.15464039,1916123.71789756
-118.249327056474,34.1185969671532,57918,211,,Public Safety,Sheriff and Police Stations,Police Stations,www.lapdonline.org,Los Angeles Police Department - Northeast Community Police Station,3353 San Fernando Rd.,,Los Angeles,CA,"Monday through Sunday, 24 hours per day. ","DV/Major Assault Service/Intake (323) 344-5749, Youth Services Officer/Community Relations Service/Intake (323) 344-5712, Direct Dispatch - Emergency Number Emergency (213) 928-8206, Front Desk Service/Intake (323) 344-5701, Non-emergency Police Response ",,www.lapdonline.org,,,59371,The department provides law enforcement and youth services for the City of Los Angeles.,90065,http://egis3.lacounty.gov/lms/?p=59371,publish,34.118597,-118.249327,2013/06/01 11:50:56+00,,6486206.12458006,1865633.69551823
-118.342690056159,34.0465709664053,57919,211,,Public Safety,Sheriff and Police Stations,Police Stations,www.lapdonline.org,Los Angeles Police Department - Wilshire Community Police Station,4861 W. Venice Blvd.,,Los Angeles,CA,"Monday through Sunday, 24 hours per day. ","DV/Major Assault Service/Intake (213) 847-3994, Non-emergency Police Response (ASK LAPD) Dispatch Service/Intake (877) 275-5273, Direct Dispatch - Emergency Number Emergency (213) 928-8206,  Service/Intake (213) 485-4022,  TDD (213) 485-2112, Youth Servic",,www.lapdonline.org,,,59372,The department provides law enforcement and youth services for the City of Los Angeles.,90019,http://egis3.lacounty.gov/lms/?p=59372,publish,34.046571,-118.34269,2013/06/01 11:50:56+00,,6457858.52904439,1839505.43379848
-118.27544505638,33.9384379669011,57920,211,,Public Safety,Sheriff and Police Stations,Police Stations,www.lapdonline.org,Los Angeles Police Department - Southeast Community Police Station,145 W. 108th St.,,Los Angeles,CA,"Monday through Sunday, 24 hours per day. ","DV/Major Assault Service/Intake (213) 485-6902, Non-emergency Police Response (ASK LAPD) Dispatch Service/Intake (877) 275-5273, Direct Dispatch - Emergency Number Emergency (213) 928-8206,  TDD (213) 485-9934,  Service/Intake (213) 972-7828, Youth Servic",,www.lapdonline.org,,,59373,The department provides law enforcement and youth services for the City of Los Angeles.,90061,http://egis3.lacounty.gov/lms/?p=59373,publish,33.938438,-118.275445,2013/06/01 11:50:56+00,,6478121.30741638,1800091.10580315
-118.467729055955,34.2725969664089,57921,211,,Public Safety,Sheriff and Police Stations,Police Stations,www.lapdonline.org,Los Angeles Police Department - Mission Community Police Station,11121 Sepulveda Blvd.,,Mission Hills,CA,"Monday through Sunday, 24 hours per day. ","Front Desk Service/Intake (818) 838-9800,  TDD (818) 837-9858, Community Relations Service/Intake (818) 838-9860, DV/Major Assault Service/Intake (818) 838-9980, Non-emergency Police Response (ASK LAPD) Dispatch Service/Intake (877) 275-5273, Direct Dispa",,www.lapdonline.org,,,59374,The department provides law enforcement and youth services for the City of Los Angeles.,91345,http://egis3.lacounty.gov/lms/?p=59374,publish,34.272597,-118.467729,2013/06/01 11:50:56+00,,6420363.18638431,1921912.26800023
-118.410834556343,34.2529704962017,57922,211,,Public Safety,Sheriff and Police Stations,Police Stations,www.lapdonline.org,Los Angeles Police Department - Foothill Community Police Station,12760 Osborne St,,Pacoima,CA,"Monday through Sunday, 24 hours per day. ","DV/Major Assault Service/Intake (818) 834-3118, Non-emergency Police Response (ASK LAPD) Dispatch Service/Intake (877) 275-5273, Direct Dispatch - Emergency Number Emergency (213) 928-8206, Direct Dispatch - Emergency Number Emergency (213) 928-8206, Fron",,www.lapdonline.org,,,59375,The department provides law enforcement and youth services for the City of Los Angeles.,91331,http://egis3.lacounty.gov/lms/?p=59375,publish,34.25297053,-118.4108345,2013/06/01 11:50:56+00,,6437522.47522838,1914694.78046672
-118.450697055651,34.0438459670309,57923,211,,Public Safety,Sheriff and Police Stations,Police Stations,www.lapdonline.org,Los Angeles Police Department - West Los Angeles Community Police Station,1663 Butler Ave.,,Los Angeles,CA,"Monday through Sunday, 24 hours per day. ","Service/Intake (310) 575-9402,  TDD (310) 878-8719, Non-emergency Police Response (ASK LAPD) Dispatch Service/Intake (877) 275-5273, Direct Dispatch - Emergency Number Emergency (213) 928-8206, DV/Major Assault Service/Intake (310) 575-8441, Youth Service",,www.lapdonline.org,,,59376,The department provides law enforcement and youth services for the City of Los Angeles.,90025,http://egis3.lacounty.gov/lms/?p=59376,publish,34.043846,-118.450697,2013/06/01 11:50:56+00,,6425135.48884755,1838642.88729523
-118.213091056108,34.044757966586,57924,211,,Public Safety,Sheriff and Police Stations,Police Stations,www.lapdonline.org,Los Angeles Police Department - Hollenbeck Community Police Station,2111 E. 1st. St.,,Los Angeles,CA,"Monday through Sunday, 24 hours per day. ","Youth Services Officer Service/Intake (323) 342-4143, DV/Major Assaults Service/Intake (213) 526-3004, Non-emergency Police Response (ASK LAPD) Dispatch Service/Intake (877) 275-5273, General info - front desk Service/Intake (323) 342-4100, Direct Dispatc",,www.lapdonline.org,,,59377,The department provides law enforcement and youth services for the City of Los Angeles.,90033,http://egis3.lacounty.gov/lms/?p=59377,publish,34.044758,-118.213091,2013/06/01 11:50:56+00,,6497116.75039655,1838737.11315665
-118.330838056592,34.0956299668298,57925,211,,Public Safety,Sheriff and Police Stations,Police Stations,www.lapdonline.org,Los Angeles Police Department - Hollywood Community Police Station,1358 N. Wilcox Ave.,,Los Angeles,CA,"Monday through Sunday, 24 hours per day. ","Non-emergency Police Response (ASK LAPD) Dispatch Service/Intake (877) 275-5273, Youth Services Officer Service/Intake (213) 485-4310 Ext.14, Direct Dispatch - Emergency Number Emergency (213) 928-8206,  Service/Intake (213) 485-4302,  TDD (213) 485-9899,",,www.lapdonline.org,,,59378,The department provides law enforcement and youth services for the City of Los Angeles.,90028,http://egis3.lacounty.gov/lms/?p=59378,publish,34.09563,-118.330838,2013/06/01 11:50:56+00,,6461507.62837347,1857346.81806314
-118.4463860563,34.1835729664333,57926,211,,Public Safety,Sheriff and Police Stations,Police Stations,www.lapdonline.org,Los Angeles Police Department - Van Nuys Community Police Station,6240 Sylmar Ave.,,Van Nuys,CA,"Monday through Sunday, 24 hours per day. ","Front Desk Service/Intake (818) 374-9500, Jail Service/Intake (818) 374-9645, DV/Major Assault Service/Intake (818) 756-8371, Non-emergency Police Response (ASK LAPD) Dispatch Service/Intake (877) 275-5273, Youth Services Officer Service/Intake (818) 374-",,www.lapdonline.org,,,59379,The department provides law enforcement and youth services for the City of Los Angeles.,91401,http://egis3.lacounty.gov/lms/?p=59379,publish,34.183573,-118.446386,2013/06/01 11:50:56+00,,6426667.27449788,1889485.82202648
-118.267458055963,34.056478967285,57927,211,,Public Safety,Sheriff and Police Stations,Police Stations,www.lapdonline.org,Los Angeles Police Department - Rampart Community Police Station,1401 W. 6th St.,,Los Angeles,CA,"Monday through Sunday, 24 hours per day. ","Detective's Desk Service/Intake (213) 484-3450, Community Relations Service/Intake (213) 484-3060,  FAX (213) 485-9821, Front Desk Service/Intake (213) 484-3400, Non-emergency Police Response (ASK LAPD) Dispatch Service/Intake (877) 275-5273, Commanding O",,www.lapdonline.org,,,59380,The department provides law enforcement and youth services for the City of Los Angeles.,90017,http://egis3.lacounty.gov/lms/?p=59380,publish,34.056479,-118.267458,2013/06/01 11:50:56+00,,6480658.24919289,1843041.96707973
-118.27803505602,33.9706129671306,57928,211,,Public Safety,Sheriff and Police Stations,Police Stations,www.lapdonline.org,Los Angeles Police Department - 77Th St. Community Police Station,7600 S. Broadway,,Los Angeles,CA,"Monday through Sunday, 24 hours per day. ","Service/Intake (213) 485-4161, DV/Major Assault Service/Intake (213) 485-4156,  Service/Intake (213) 485-4285, Non-emergency Police Response (ASK LAPD) Dispatch/General Info Service/Intake (877) 275-5273, Direct Dispatch - Emergency Number Emergency (213)",,www.lapdonline.org,,,59381,The department provides law enforcement and youth services for the City of Los Angeles.,90003,http://egis3.lacounty.gov/lms/?p=59381,publish,33.970613,-118.278035,2013/06/01 11:50:56+00,,6477368.08845039,1811802.40423089
-118.247307056714,34.0438269669965,57929,211,,Public Safety,Sheriff and Police Stations,Police Stations,www.lapdonline.org,Los Angeles Police Department - Central Community Police Station,251 E. 6th St.,,Los Angeles,CA,"Monday through Sunday, 24 hours per day. ","DV/Major Assaults Service/Intake (213) 972-1203, Front Desk / Non ER 24hr Service/Intake and Administration (213) 972-1298, Non-emergency Police Response (ASK LAPD) Dispatch Service/Intake (877) 275-5273, Direct Dispatch - Emergency Number Emergency (213)",,www.lapdonline.org,,,59382,The department provides law enforcement and youth services for the City of Los Angeles.,90014,http://egis3.lacounty.gov/lms/?p=59382,publish,34.043827,-118.247307,2013/06/01 11:50:56+00,,6486750.57460664,1838422.04292065
-118.547432056221,34.1936949662259,57930,211,,Public Safety,Sheriff and Police Stations,Police Stations,www.lapdonline.org,Los Angeles Police Department - West Valley Community Police Station,19020 Vanowen St.,,Reseda,CA,"Monday through Sunday, 24 hours per day. ","Front Desk Service/Intake (818) 374-7611, Youth Services Officer Service/Intake (818) 374-7690, Detectives/DV/Major Assault Service/Intake (818) 374-7730, Non-emergency Police Response (ASK LAPD) Dispatch Service/Intake (877) 275-5273, Direct Dispatch - E",,www.lapdonline.org,,,59383,The department provides law enforcement and youth services for the City of Los Angeles.,91335,http://egis3.lacounty.gov/lms/?p=59383,publish,34.193695,-118.547432,2013/06/01 11:50:56+00,,6396127.69450106,1893320.41868798
-118.291439055856,34.0498169669232,57931,211,,Public Safety,Sheriff and Police Stations,Police Stations,www.lapdonline.org,Los Angeles Police Department - Olympic Community Police Station,1130 S. Vermont Ave.,,Los Angeles,CA,,"General Inquiries &amp; Information Service/Intake (213) 382-9102,  FAX (213) 382-9109, 877-ASK-LAPD Service/Intake (877) 275-5273, Direct Dispatch - Emergency Number Emergency (213) 928-8206",,www.lapdonline.org,,,59384,The department provides law enforcement and youth services for the City of Los Angeles.,90006,http://egis3.lacounty.gov/lms/?p=59384,publish,34.049817,-118.291439,2013/06/01 11:50:56+00,,6473387.47961372,1840637.73960473
-118.598916055898,34.2210429667508,57932,211,,Public Safety,Sheriff and Police Stations,Police Stations,www.lapdonline.org,Los Angeles Police Department - Topanga Community Police Station,21501 Schoenborn St.,,Canoga Park,CA,,"Service/Intake (818) 756-4800,  TDD (818) 756-5899, Direct Dispatch - Emergency Number Emergency (213) 928-8206",,www.lapdonline.org,,,59385,The department provides law enforcement and youth services for the City of Los Angeles.,91304,http://egis3.lacounty.gov/lms/?p=59385,publish,34.221043,-118.598916,2013/06/01 11:50:56+00,,6380618.4843778,1903361.4494589
-118.342418055729,33.8399899672261,57933,211,,Public Safety,Sheriff and Police Stations,Police Stations,www.tpd.torranceca.gov,City Of Torrance Police Department,3300 Civic Center Dr.,,Torrance,CA,"Monday through Sunday, 24 hours per day. ","Community Affairs Service/Intake (310) 618-6391, Direct Dispatch - Emergency Number Emergency (310) 320-2611, Non-Emergency Service/Intake (310) 328-3456, Juvenile Diversion Service/Intake (310) 618-5554,  TDD (310) 618-5641",,www.tpd.torranceca.gov,,,59386,The department provides law enforcement and youth services for the city of Torrance.,90503,http://egis3.lacounty.gov/lms/?p=59386,publish,33.83999,-118.342418,2013/06/01 11:50:56+00,,6457684.82663588,1764326.17700507
-118.400312055943,34.0726599666703,57934,211,,Public Safety,Sheriff and Police Stations,Police Stations,www.beverlyhills.org/,City Of Beverly Hills Police Department,464 N. Rexford Dr.,,Beverly Hills,CA,"Monday through Sunday, 24 hours per day. ","Direct Dispatch - Non-emergency Service/Intake (310) 550-4951, Direct Dispatch - Emergency Police and Fire Emergency (310) 550-4900, Direct Dispatch - Non-emergency Service/Intake (310) 550-4951, Crime Prevention Office Service/Intake (310) 288-2661, Fron",,www.beverlyhills.org/,,,59387,"The department provides law enforcement for the city of Beverly Hills, and also dispatches the Fire Department.",90210,http://egis3.lacounty.gov/lms/?p=59387,publish,34.07266,-118.400312,2013/06/01 11:50:56+00,,6440440.87227872,1849064.16304056
-117.722475057933,34.0963899675061,57935,211,,Public Safety,Sheriff and Police Stations,Police Stations,www.claremontpd.org,City Of Claremont Police Department,570 W. Bonita Ave.,,Claremont,CA,"Monday through Sunday, 24 hours per day. ","Non Emergency-24 hours Service/Intake (909) 399-5415, Direct Dispatch - Emergency Number Service/Intake and Administration (909) 626-1296, Non Emergency-24 hours Service/Intake (909) 399-5411",,www.claremontpd.org,,,59388,The department provides law enforcement for the city of Claremont.,91711,http://egis3.lacounty.gov/lms/?p=59388,publish,34.09639,-117.722475,2013/06/01 11:50:56+00,,6645691.55659281,1857574.56038982
-117.770837057473,34.1008239669605,57936,211,,Public Safety,Sheriff and Police Stations,Police Stations,www.lvpd.org,City Of La Verne Police Department,2061 Third St.,,La Verne,CA,"Monday through Sunday, 24 hours per day. ","Direct Dispatch - Emergency and Non-Emergency Number Service/Intake (909) 593-2531, Traffic Hotline Service/Intake (909) 392-6577,  Service/Intake and Administration (909) 596-1913",,www.lvpd.org,,,59389,The department provides law enforcement for the City of La Verne.,91750,http://egis3.lacounty.gov/lms/?p=59389,publish,34.100824,-117.770837,2013/06/01 11:50:56+00,,6631046.21711713,1859151.26786631
-118.125935056965,34.0596659673674,57937,211,,Public Safety,Sheriff and Police Stations,Police Stations,www.ci.monterey-park.ca.us,City Of Monterey Park Police Department,320 W. Newmark Ave.,,Monterey Park,CA,"Monday through Sunday, 24 hours per day. ","Direct Dispatch - Emergency and Non Emergency Number Service/Intake (626) 573-1311, Community Relations Service/Intake (626) 307-1216, Community Relations Department Service/Intake (626) 302-1215, Watch Commander Service/Intake (626) 307-1200, General Inf",,www.ci.monterey-park.ca.us,,,59390,The department provides law enforcement services for residents of Monterey Park.,91754,http://egis3.lacounty.gov/lms/?p=59390,publish,34.059666,-118.125935,2013/06/01 11:50:56+00,,6523526.48169772,1844117.89537406
-118.034923656584,33.9753953375849,57938,211,,Public Safety,Sheriff and Police Stations,Police Stations,www.cityofwhittier.org/depts/police/default.asp,City Of Whittier Police Department,13200 Penn St,,Whittier,CA,"Monday through Sunday, 24 hours per day. ","Non-emergency Service/Intake (562) 567-9200, Direct Dispatch - Emergency Number Emergency (562) 567-9240, LIVESCAN fingerprinting Message/Answering Service (562) 567-9144, Detectives Service/Intake (562) 567-9270,  Administrative (562) 567-9202",,www.cityofwhittier.org/depts/police/default.asp,,,59391,The department provides law enforcement services for the cities of Whittier and Santa Fe Springs.,90602,http://egis3.lacounty.gov/lms/?p=59391,publish,33.97539537,-118.0349236,2013/06/01 11:50:56+00,,6551081.83111447,1813428.06108455
-118.086407056548,33.9470239671843,57939,211,,Public Safety,Sheriff and Police Stations,Police Stations,www.cityofwhittier.org/depts/police/default.asp,City Of Whittier Police Department - Police Services Center - Santa Fe Springs,11576 Telegraph Rd.,,Santa Fe Springs,CA,"Monday through Sunday, 24 hours per day. ",Service/Intake (562) 409-1850,,www.cityofwhittier.org/depts/police/default.asp,,,59392,The department provides law enforcement services for the cities of Whittier and Santa Fe Springs.,90670,http://egis3.lacounty.gov/lms/?p=59392,publish,33.947024,-118.086407,2013/06/01 11:50:56+00,,6535463.68781014,1803112.53315923
-118.03989356636,34.1366374167435,57940,211,,Public Safety,Sheriff and Police Stations,Police Stations,City of Arcadia,Arcadia Police Department,250 W. Huntington Dr.,,Arcadia,CA,"Monday through Friday, 7:30am to 5:00pm.
Emergencies 24 hours a day.","Direct Dispatch - Emergency Number Service/Intake (626) 574-5121, Non-Emergencies / General Emergency Service/Intake and Administration (626) 574-5151, Direct Dispatch - Non-Emergency Service/Intake (626) 574-5123, Non-Emergencies TDD (626) 447-6621",,www.ci.arcadia.ca.us/home/index.asp?page=1194,,,59393,The department provides law enforcement services for the city of Arcadia.,91007,http://egis3.lacounty.gov/lms/?p=59393,publish,34.13663745,-118.03989351,2013/05/24 12:09:46+00,,6549598.2881498,1872107.7540924
-117.906387056865,34.134136966981,57941,211,,Public Safety,Sheriff and Police Stations,Police Stations,www.ci.azusa.ca.us,City Of Azusa Police Department,725 N. Alameda Ave.,,Azusa,CA,"SITE HOURS: Law enforcement is available Monday through Sunday, 24 hours per day.   ",Direct Dispatch - Graffiti removal - after hours Service/Intake (626) 812-3200,,www.ci.azusa.ca.us,,,59394,The department provides law enforcement services for the city of Azusa.,91702,http://egis3.lacounty.gov/lms/?p=59394,publish,34.134137,-117.906387,2013/06/01 11:50:56+00,,6589999.08201997,1871208.59250489
-117.960124057378,34.0852309668978,57942,211,,Public Safety,Sheriff and Police Stations,Police Stations,www.baldwinpark.com/,City Of Baldwin Park Police Department,14403 E. Pacific Ave.,,Baldwin Park,CA,"Monday through Sunday, 7:30am to 9:00pm. ","Direct Dispatch - Emergency and Non-Emergency Number Service/Intake (626) 960-1955 Ext.0, 24-hrs Service/Intake (Voice and TDD) (626) 960-1955",,www.baldwinpark.com/,,,59395,The department provides law enforcement services for the city of Baldwin Park.,91706,http://egis3.lacounty.gov/lms/?p=59395,publish,34.085231,-117.960124,2013/06/01 11:50:56+00,,6573744.4898573,1853399.9903269
-118.150414056089,33.9671949674268,57943,211,,Public Safety,Sheriff and Police Stations,Police Stations,www.bellgardens.org,City Of Bell Gardens Police Department,7100 S. Garfield Ave.,,Bell Gardens,CA,"Monday through Sunday, 24 hours per day. ","non-emergencies Service/Intake and Administration (562) 806-7600,  Administrative (562) 806-7690, Direct Dispatch - Emergency and Non-Emergency Number Service/Intake (562) 806-7604",,,,,59396,The department provides law enforcement services for the city of Bell Gardens.,90201,http://egis3.lacounty.gov/lms/?p=59396,publish,33.967195,-118.150414,2013/06/01 11:50:56+00,,6516061.80502605,1810476.05550565
-118.395097056482,34.020668966494,57944,211,,Public Safety,Sheriff and Police Stations,Police Stations,www.culvercity.org/police/police.html,City Of Culver City Police Department,4040 Duquesne Ave.,,Culver City,CA,"Monday through Sunday, 24 hours per day. ","Livescan Fingerprinting Service/Intake (310) 253-6110, Direct Dispatch - Emergency Number Service/Intake (310) 837-6161, Non-Emergency Service/Intake (310) 837-1221",,www.culvercity.org/police/police.html,,,59397,The department provides law enforcement services for the city of Culver City.,90232,http://egis3.lacounty.gov/lms/?p=59397,publish,34.020669,-118.395097,2013/06/01 11:50:56+00,,6441945.79216914,1830137.51880731
-118.03050405676,34.070933967201,57945,211,,Public Safety,Sheriff and Police Stations,Police Stations,www.ci.el-monte.ca.us/citygov/police/pdmain.html,City Of El Monte Police Department,11333 E. Valley Blvd.,,El Monte,CA,"Monday through Sunday, 24 hours per day. ","FAX (626) 444-2206, Direct Dispatch - General Information - Emergency Number Service/Intake (626) 580-2100, Tip Line for Narcotics and Vice Service/Intake (626) 580-2171, Jail Information Service/Intake (626) 580-2112, Tattoo Removal Service/Intake (626) ",,www.ci.el-monte.ca.us/citygov/police/pdmain.html,,,59398,The department provides law enforcement services for the city of El Monte.,91731,http://egis3.lacounty.gov/lms/?p=59398,publish,34.070934,-118.030504,2013/06/01 11:50:56+00,,6552432.36056563,1848196.04568231
-118.415783055801,33.9199259671724,57946,211,,Public Safety,Sheriff and Police Stations,Police Stations,www.elsegundo.org/police/city.html,City Of El Segundo Police Department,348 Main St.,,El Segundo,CA,"Monday through Saturday, 7:00am to 7:00pm. ","Direct Dispatch - Emergency Number Emergency (310) 524-2760, Fire Emergency Number Emergency (310) 524-2763, Non-Emergency Service/Intake (310) 524-2200",,www.elsegundo.org/police/city.html,,,59399,The department provides law enforcement services for the city of El Segundo.,90245,http://egis3.lacounty.gov/lms/?p=59399,publish,33.919926,-118.415783,2013/06/01 11:50:56+00,,6435525.78762072,1793500.59306556
-118.396028055528,33.8643499667248,57947,211,,Public Safety,Sheriff and Police Stations,Police Stations,www.hermosabch.org/index.aspx?page=123,City Of Hermosa Beach Police Department,540 Pier Ave.,,Hermosa Beach,CA,"Monday through Sunday, 24 hours per day. ","Jail Service/Intake (310) 318-0234, Direct Dispatch - Emergency and Non-Emergency Number Service/Intake (310) 524-2750, General Business Number Service/Intake (310) 318-0360,  FAX (310) 798-8926, Traffic Bureau Service/Intake (310) 318-0307, Thefts/Burgla",,www.hermosabch.org/index.aspx?page=123,,,59400,The department provides law enforcement services for the city of Hermosa Beach.,90254,http://egis3.lacounty.gov/lms/?p=59400,publish,33.86435,-118.396028,2013/06/01 11:50:56+00,,6441439.54679056,1773251.12536247
-118.116431057076,34.0202689670054,57948,211,,Public Safety,Sheriff and Police Stations,Police Stations,www.cityofmontebello.com/depts/police/default.asp,City Of Montebello Police Department,1600 W. Beverly Blvd.,,Montebello,CA,"Monday through Sunday, 24 hours per day. ","Administrative (323) 887-1288, Direct Dispatch - Emergency and Non Emergency Number Service/Intake (323) 887-1313, Crime Prevention Unit Service/Intake (323) 887-1282, Switchboard Service/Intake (323) 887-1212",,www.cityofmontebello.com/depts/police/default.asp,,,59402,The department provides law enforcement services for the city of Montebello.,90640,http://egis3.lacounty.gov/lms/?p=59402,publish,34.020269,-118.116431,2013/06/01 11:50:56+00,,6526388.49467447,1829777.09105048
-117.754267057535,34.0548709677361,57949,211,,Public Safety,Sheriff and Police Stations,Police Stations,ci.pomona.ca.us/index.php/police-department-home,City Of Pomona Police Department,490 W. Mission Blvd.,,Pomona,CA,"Monday through Sunday, 24 hours per day. ","Direct Dispatch - Emergency and Non Emergency Number Service/Intake (909) 622-1241, Operations Division Service/Intake (909) 620-2122, General Info-Front Desk Service/Intake (909) 620-2155,  FAX (909) 620-2146, Community Programs Service/Intake (909) 620-",,ci.pomona.ca.us/index.php/police-department-home,,,59403,The department provides law enforcement services for the city of Pomona.,91766,http://egis3.lacounty.gov/lms/?p=59403,publish,34.054871,-117.754267,2013/06/01 11:50:56+00,,6636103.42681897,1842439.9964989
-118.09973705691,34.0948609672376,57950,211,,Public Safety,Sheriff and Police Stations,Police Stations,www.sgpd.com,City Of San Gabriel Police Department,625 S. Del Mar Ave.,,San Gabriel,CA,"Monday through Sunday, 24 hours per day. ",Service/Intake (626) 308-2828,,www.sgpd.com,,,59404,The department provides law enforcement services for the city of San Gabriel.,91776,http://egis3.lacounty.gov/lms/?p=59404,publish,34.094861,-118.099737,2013/06/01 11:50:56+00,,6531474.17315139,1856917.11288582
-118.105728056269,34.1212229669234,57951,211,,Public Safety,Sheriff and Police Stations,Police Stations,ci.san-marino.ca.us/city/pub_services/police.html,City Of San Marino Police Department,2200 Huntington Dr.,,San Marino,CA,"Monday through Sunday, 24 hours per day. ",Direct Dispatch - Emergency and Non-Emergency Number Service/Intake (626) 300-0720,,ci.san-marino.ca.us/city/pub_services/police.html,,,59405,The department provides law enforcement services for the city of San Marino.,91108,http://egis3.lacounty.gov/lms/?p=59405,publish,34.121223,-118.105728,2013/06/01 11:50:56+00,,6529670.44250688,1866512.58450848
-118.058441056567,34.1615879667393,57952,211,,Public Safety,Sheriff and Police Stations,Police Stations,www.cityofsierramadre.com/departments,City Of Sierra Madre Police Department,242 W. Sierra Madre Blvd.,,Sierra Madre,CA,,"Direct Dispatch - Emergency and Non-Emergency Number Service/Intake (626) 355-1414,  FAX (626) 355-5468",,www.cityofsierramadre.com/departments,,,59406,The department provides law enforcement services for the city of Sierra Madre.,91024,http://egis3.lacounty.gov/lms/?p=59406,publish,34.161588,-118.058441,2013/06/01 11:50:56+00,,6543990.9745613,1881190.45869598
-118.172449756576,33.806860367179,57953,211,,Public Safety,Sheriff and Police Stations,Police Stations,www.signalhillpd.org,City Of Signal Hill Police Department,2745 Walnut Ave,,Signal Hill,CA,"Monday through Sunday, 24 hours per day. ","Administrative Secretary Service/Intake and Administration (562) 989-7205, Records Service/Intake (562) 989-7200, Direct Dispatch - Emergency Number Emergency (562) 989-7201, Dispatcher - Non Emergency Service/Intake (562) 989-7200, Watch Commander Servic",,www.signalhillpd.org,,,59407,The department provides law enforcement services for the city of Signal Hill.,90755,http://egis3.lacounty.gov/lms/?p=59407,publish,33.8068604,-118.1724497,2016/03/16 16:50:28+00,,6509280.04398331,1752137.2696244
-118.152391056126,34.1159549664276,57954,211,,Public Safety,Sheriff and Police Stations,Police Stations,www.ci.south-pasadena.ca.us/police,City Of South Pasadena Police Department,1422 Mission St.,,South Pasadena,CA,"Monday through Sunday, 24 hours per day. ","FAX (626) 403-7271, Direct Dispatch - Emergency Number Emergency (626) 403-7297,  Service/Intake (626) 403-7270,  TDD (626) 441-1191",,www.ci.south-pasadena.ca.us/police,,,59408,The department provides law enforcement services for the city of South Pasadena.,91030,http://egis3.lacounty.gov/lms/?p=59408,publish,34.115955,-118.152391,2013/06/01 11:50:56+00,,6515544.41203196,1864613.59650856
-118.231440056182,34.0049389674122,57955,211,,Public Safety,Sheriff and Police Stations,Police Stations,www.cityofvernon.org/departments/police/police.htm,City Of Vernon Police Department,4305 S. Santa Fe Ave.,,Vernon,CA,"Monday through Sunday, 24 hours per day. ","Emergency - Dispatch Emergency (323) 587-8135, Business Line Service/Intake (323) 587-5171",,www.cityofvernon.org/departments/police/police.htm,,,59409,The department provides law enforcement services for the city of Vernon.,90058,http://egis3.lacounty.gov/lms/?p=59409,publish,34.004939,-118.23144,2013/06/01 11:50:56+00,,6491524.76715797,1824258.51350498
-117.938079056651,34.07202296719,57956,211,,Public Safety,Sheriff and Police Stations,Police Stations,NULL,City Of West Covina Police Department,1444 W. Garvey Ave.,,West Covina,CA,"Monday through Sunday, 24 hours per day. ","Direct Dispatch - Emergency and Non-Emergency Number Service/Intake and Administration (626) 939-8500, 24-hr Crime Hotline Hotline/Talkline/Warmline (626) 939-8688, Desk Officer Service/Intake (626) 939-8557, Graffiti hotline Service/Intake (626) 939-8780",,NULL,,,59410,"The department provides law enforcement, disaster services, domestic violence services and crime victim services for the city of West Covina.",91790,http://egis3.lacounty.gov/lms/?p=59410,publish,34.072023,-117.938079,2013/06/01 11:50:56+00,,6580422.5158713,1848596.72926414
-118.144849057001,34.1492159665705,57957,211,,Public Safety,Sheriff and Police Stations,Police Stations,http://www.ci.pasadena.ca.us/Police/,City Of Pasadena Police Department,207 N. Garfield Ave.,,Pasadena,CA,"Monday through Sunday, 24 hours per day. ","Watch Commander Service/Intake (626) 744-4620, Service Area Message Center Service/Intake (626) 744-6501, Volunteer Coordinator Service/Intake (626) 744-7652, Photo Red Light Service/Intake (626) 744-7595, Detectives/Criminal Investigations Service/Intake",,http://www.ci.pasadena.ca.us/Police/,,,59411,"The department provides law enforcement, mental health services, and youth services for the city of Pasadena.",91101,http://egis3.lacounty.gov/lms/?p=59411,publish,34.149216,-118.144849,2013/06/01 11:50:56+00,,6517844.67514797,1876714.49881589
-118.205232055819,33.955690967543,58168,211,,Public Safety,Sheriff and Police Stations,Police Stations,www.cityofsouthgate.org,City Of South Gate Police Department,8620 California Ave.,,South Gate,CA,"Monday through Friday, 9:00am to 5:00pm; Saturday and Sunday, 10:00am to 2:00pm. ","Jail Info Service/Intake (323) 563-5410, Crime Prevention Service/Intake (323) 563-5461, Direct Dispatch - Emergency Number Emergency (323) 563-5436,  Administrative (323) 563-5408, General Non-Emergency Service/Intake (323) 563-5400, Emergency Peparednes",,www.cityofsouthgate.org,,,59670,The department provides safety programs and law enforcement services for the city of South Gate.,90280,http://egis3.lacounty.gov/lms/?p=59670,publish,33.955691,-118.205232,2013/06/01 11:50:56+00,,6499431.36617413,1806318.91618215
-118.409282025682,33.8869563575016,58867,211,,Public Safety,Sheriff and Police Stations,Police Stations,City of Manhattan Beach,Manhattan Beach Police Department,420 15th St,,Manhattan Beach,CA,"Monday, Wednesday, Friday, 8:30am to 5:00pm; Tuesday, Thursday, 8:30am to 7:00pm.","Victim Assistance Service/Intake (310) 802-5185, Animal Control Service/Intake and Administration (310) 802-5159, Direct Dispatch - Emergency and Non Emergency Number Service/Intake (310) 545-4566, Business Number Administrative (310) 802-5140,  FAX (310)",,www.citymb.info,,,60213,The police department provides law enforcement services for the city of Manhattan Beach.,90266,http://egis3.lacounty.gov/lms/?p=60213,publish,33.88695639,-118.40928197,2013/05/29 12:14:19+00,,6437449.27229081,1781494.18958497
-118.383608056266,34.0837569668966,61770,LA County Sheriff,1015579029,Public Safety,Sheriff and Police Stations,Sheriff Stations,West Hollywood Sheriff Station,West Hollywood Sheriff Station,780 No. San Vicente Blvd.,,West Hollywood,CA,"The station is open 24 hours a day, seven days a week, however, administrative and detective personnel primarily work weekdays during normal business hours. 
",(310) 855-8850,,http://www.lasdhq.org/stations/for2/westh-ucity/index.html,,,67665,"West Hollywood Station provides law enforcement services for the City of West Hollywood and the unincorporated Universal City Walk. The City is approximately 1.9 square miles in size and has a diverse demographic makeup. The total residential population is just over 37,000, however, the nighttime and weekend population swells to between 80,000 and 100,000, with a high of up to 500,000 during major events such as Halloween or the Gay &amp; Lesbian Pride Parade.",90069,http://egis3.lacounty.gov/lms/?p=67665,publish,34.083757,-118.383608,2015/05/04 14:38:04+00,Active,6445514.85524097,1853082.8177329
-118.351130956032,34.1356427668125,61771,LA County Sheriff,,Public Safety,Sheriff and Police Stations,Sheriff Stations,Universal Citywalk Substation,Universal Citywalk Substation,"1000 Universal Studios Blvd., Bldg. 4505M",,Universal City,CA,,(818) 622-9580,,http://www.lasdhq.org/stations/for2/westh-ucity/universal_citywalk.html,,,67672,"Universal City is a one square mile island of unincorporated Los Angeles County, surrounded by the City of Los Angeles. It contains an entertainment theme park (Universal Studios-Hollywood), a complete motion picture and television production studio complex, a six thousand five hundred seat Amphitheater (Universal Amphitheater), an eighteen screen cinema (Universal Studios Cinemas), and a large restaurant and shopping district theme mall (CityWalk). The average daily population is approximately fifty thousand. The Los Angeles County Sheriff's Department provides law enforcement services to Universal City from a Sub-Station located within the CityWalk Theme Mall.

Staffing for the substation consists of 1-Lieutenant, 2-Sergeants, 1-Detective, 1-Team leader, 12 Deputies and is manned 24 hours a day by Deputy and Security personnel.",91608,http://egis3.lacounty.gov/lms/?p=67672,publish,34.1356428,-118.3511309,2012/02/14 11:09:08+00,,6455414.75145164,1871928.97131348
-117.801680057188,34.1047718672243,61772,LA County Sheriff,,Public Safety,Sheriff and Police Stations,Sheriff Stations,San Dimas Sheriff's Station,San Dimas Sheriff Station,270 So. Walnut Ave. ,,San Dimas ,CA,"The station is open 24 hours a day, seven days a week, however, administrative and detective personnel primarily work weekdays during normal business hours. 
","(909)450-2700 or

(626) 332-1184 (non-emergency)",,http://www.lasdhq.org/stations/for3/sandimas/index.html,,,67676,"San Dimas Sheriff's Station is located in the eastern portion of Los Angeles County, adjacent to the cities of La Verne and Pomona. The station serves the City of San Dimas and the unincorporated communities of Covina, Azusa , Glendora, La Verne, and Claremont. The station also provides law enforcement for the Azusa Canyon and Mount Baldy areas of the Angeles National Forest (State Route 39).",91773-2646,http://egis3.lacounty.gov/lms/?p=67676,publish,34.1047719,-117.80168,2013/06/04 13:41:54+00,,6621706.10915697,1860568.12428457
-117.834311946894,34.0288558075313,61773,LA County Sheriff,1015579020,Public Safety,Sheriff and Police Stations,Sheriff Stations,,Walnut/Diamond Bar Sheriff Station,21695 Valley Blvd.,,Walnut,CA,"The station is open 24 hours a day, seven days a week, however, administrative and detective personnel primarily work weekdays during normal business hours.","(626) 913-1715 or 

(909) 595-2264",,http://www.lasdhq.org/stations/for3/wlnt-dbar/index.html,,,67682,"Walnut/Diamond Bar Station is spread out over 45.2 miles, encompassing the contract cities of Diamond Bar and Walnut, and the unincorporated area of Rowland Heights. We provide police services, including all patrol, investigative and custodial operations, to more than 148,000 residents.",91789,http://egis3.lacounty.gov/lms/?p=67682,publish,34.02885584,-117.83431189,2015/05/04 14:38:56+00,,6611873.27678855,1832922.96074298
-118.354822656154,33.9630842166689,62514,211,,Public Safety,Sheriff and Police Stations,Police Stations,,City Of Inglewood Police Department,1 W Manchester Blvd,,Inglewood,CA,"Monday through Sunday, 24 hours per day. ","Front Desk Service/Intake (310) 412-5211, Direct Dispatch - Emergency and Non-Emergency Number Service/Intake (310) 412-8771, Administration Administrative (310) 412-5200, Community Affairs Service/Intake (310) 412-5530",,www.inglewoodpd.org/,,,70257,The agency provides law enforcement services for the city of Inglewood.,90301,http://egis3.lacounty.gov/lms/?p=70257,publish,33.96308425,-118.3548226,2010/11/01 11:50:56+00,,6454075.94212139,1809135.84099448
-118.188792856005,33.9795200973369,62519,211,,Public Safety,Sheriff and Police Stations,Police Stations,,City Of Bell Police Department,6326 Pine Ave,,Bell,CA,"Monday through Sunday, 24 hours per day. ","Bell Anonymous Tip Line Service/Intake (323) 923-2655,  FAX (323) 562-0410, Direct Dispatch - 24-Hours - Emergency Number Service/Intake (323) 585-1245,  Service/Intake and Administration (323) 588-6211",,www.cityofbell.org,,,70258,The department provides law enforcement services for the city of Bell.,90201,http://egis3.lacounty.gov/lms/?p=70258,publish,33.97952013,-118.1887928,2010/11/01 11:50:56+00,,6504433.02382173,1814981.05830665
-117.801680557183,34.1047721673532,62834,211,,Public Safety,Sheriff and Police Stations,Sheriff Stations,,Los Angeles County Sheriff - San Dimas Station,270 S Walnut Ave,,San Dimas,CA,"Monday through Sunday, 24 hours per day. ","Service/Intake (909) 450-2700,  Service/Intake (909) 599-1261, Non-Emergency Service/Intake (626) 332-1184",,www.lasd.org,,,70425,"The department provides correctional programs, disaster services, environmental services, holiday assistance, law enforcement services, substance abuse services and youth services for the unincorporated areas of Los Angeles County and contracting cities.",91773,http://egis3.lacounty.gov/lms/?p=70425,publish,34.1047722,-117.8016805,2010/11/01 11:50:56+00,,6621705.95758247,1860568.23320822
-118.233460256515,34.0549713773292,62838,211,,Public Safety,Sheriff and Police Stations,Sheriff Stations,,Los Angeles County Sheriff - Metro Transit Services Bureau,1 Gateway Plaza Dr,,Los Angeles,CA,"Monday through Sunday, 24 hours per day. ",Service/Intake and Administration (323) 563-5000,,www.lasd.org,,,70426,"The department provides correctional programs, disaster services, environmental services, holiday assistance, law enforcement services, substance abuse services and youth services for the unincorporated areas of Los Angeles County and contracting cities.",90012,http://egis3.lacounty.gov/lms/?p=70426,publish,34.05497141,-118.2334602,2010/11/01 11:50:56+00,,6490954.76796989,1842467.66868764
-118.308467456068,34.1828521164954,63335,211,,Public Safety,Sheriff and Police Stations,Police Stations,,City Of Burbank Police Department,200 N 3Rd St,,Burbank,CA,"Monday through Sunday, 24 hours per day. ","Direct Dispatch - Emergency Number Service/Intake (818) 238-3000, Business Calls Service/Intake (818) 238-3130,  Information Only (818) 238-3333, Vice/Narcotics Service/Intake (818) 238-3280, Jail Information Service/Intake (818) 238-3010, Traffic Bureau ",,www.ci.burbank.ca.us/police,,,70634,The department provides law enforcement services for the city of Burbank.,91502,http://egis3.lacounty.gov/lms/?p=70634,publish,34.18285215,-118.3084674,2010/11/01 11:50:56+00,,6468377.81443623,1889066.87404548
-118.490387456335,34.0129445469276,63731,211,,Public Safety,Sheriff and Police Stations,Police Stations,,City Of Santa Monica Fire Department,333 Olympic Blvd,2nd Fl.,Santa Monica,CA,"Monday through Sunday, 24 hours pe day.  Administrative hours are Monday through Thursday, 7:30am to 5:30pm; Friday, 8:00am to 5:00pm. ","Fire Prevention Service/Intake (310) 458-8915,  Service/Intake and Administration (310) 458-8652, Non-Emergency Dispatch Service/Intake and Administration (310) 458-8660, Administrative FAX (310) 458-8650",,santamonicafire.org/,,,70807,The fire department is responsible for providing fire and rescue services for residences and businesses that are located within Santa Monica city limits.,90401,http://egis3.lacounty.gov/lms/?p=70807,publish,34.01294458,-118.4903874,2010/11/01 11:50:56+00,,6413056.84666631,1827453.66525115
-117.93884565744,34.0713825370325,63909,211,,Public Safety,Sheriff and Police Stations,Police Stations,,City Of West Covina Fire Department,1444 W Garvey Ave S,,West Covina,CA,"Monday through Sunday, 24 hours per day. ","24 hour dispatch Emergency (626) 939-8500,  Service/Intake and Administration (626) 939-8824",,www.westcovina.org/cityhall/fire/default.asp,,,70897,The department provides fire and rescue services for people of all ages in West Covina.,91790,http://egis3.lacounty.gov/lms/?p=70897,publish,34.07138257,-117.9388456,2010/11/01 11:50:56+00,,6580190.49993114,1848363.52238148
-118.410282256291,33.888130217303,63927,211,,Public Safety,Sheriff and Police Stations,Police Stations,,City Of Manhattan Beach Fire Department,400 15Th Pl,,Manhattan Beach,CA,The site is closed from 12:00 noon to 1:00pm. ,"FAX (310) 802-5201,  Administrative (310) 802-5203, Fire Dispatch Emergency (310) 545-5679, Main Line - 24 hrs. Service/Intake (310) 802-5200",,www.citymb.info,,,70904,The department provides fire and rescue and safe haven services for the city of Manhattan Beach.,90266,http://egis3.lacounty.gov/lms/?p=70904,publish,33.88813025,-118.4102822,2010/11/01 11:50:56+00,,6437147.43792072,1781922.61917432
-118.127655056875,33.940914787323,64198,211,,Public Safety,Sheriff and Police Stations,Police Stations,,City Of Downey Police Department,10911 Brookshire Ave,,Downey,CA,"Monday through Sunday, 24 hours per day. ","FAX (562) 904-2384, Direct Dispatch - Emergency and Non-Emergency Service/Intake (562) 861-0771, Direct Dispatch - Emergency Number for Agencies Only Service/Intake (562) 904-2363",,www.downeyca.org/,,,71048,The department provides law enforcement services for the city of Downey.,90241,http://egis3.lacounty.gov/lms/?p=71048,publish,33.94091482,-118.127655,2010/11/01 11:50:56+00,,6522950.63803314,1800902.59040065
