"","DR_NO","Date Rptd","DATE OCC","TIME OCC","AREA","AREA NAME","Rpt Dist No","Part 1-2","Crm Cd","Crm Cd Desc","Vict Age","Status Desc","LOCATION","LAT","LON"
"1","190401273","10/05/2019 12:00:00 AM",2019-10-05 12:00:00,"1640","04","Hollenbeck","0451",2,753,"DISCHARGE FIREARMS/SHOTS FIRED",0,"Invest Cont","1400    GABRIEL GARCIA MARQUEZ       ST",34.0504,-118.2248
"2","190613955","06/21/2019 12:00:00 AM",2019-06-21 12:00:00,"0125","06","Hollywood","0636",2,753,"DISCHARGE FIREARMS/SHOTS FIRED",0,"Invest Cont","WHITLEY",34.1052,-118.3333
"3","190318269","08/08/2019 12:00:00 AM",2019-08-08 12:00:00,"0045","03","Southwest","0354",2,753,"DISCHARGE FIREARMS/SHOTS FIRED",18,"Invest Cont","36TH                         ST",34.0229,-118.3224
"4","191113229","07/08/2019 12:00:00 AM",2019-07-06 12:00:00,"0930","11","Northeast","1102",2,753,"DISCHARGE FIREARMS/SHOTS FIRED",65,"Invest Cont","4000    VERDANT                      ST",34.1317,-118.2705
"5","191600941","08/31/2019 12:00:00 AM",2019-08-31 12:00:00,"2030","16","Foothill","1611",2,753,"DISCHARGE FIREARMS/SHOTS FIRED",54,"Invest Cont","11600    GLENOAKS                     BL",34.279,-118.4264
"6","191209202","03/17/2019 12:00:00 AM",2019-03-17 12:00:00,"1830","12","77th Street","1263",2,753,"DISCHARGE FIREARMS/SHOTS FIRED",36,"Invest Cont","ST ANDREWS",33.9627,-118.3112
"7","191814752","06/24/2019 12:00:00 AM",2019-06-24 12:00:00,"0105","18","Southeast","1823",2,753,"DISCHARGE FIREARMS/SHOTS FIRED",0,"Invest Cont","400 E  102ND                        ST",33.9438,-118.2673
"8","190400564","01/25/2019 12:00:00 AM",2019-01-25 12:00:00,"0240","04","Hollenbeck","0499",2,753,"DISCHARGE FIREARMS/SHOTS FIRED",0,"Invest Cont","3500    GARNET                       ST",34.0221,-118.2014
"9","190507050","03/11/2019 12:00:00 AM",2019-03-11 12:00:00,"2300","05","Harbor","0564",2,753,"DISCHARGE FIREARMS/SHOTS FIRED",0,"Invest Cont","6TH                          ST",33.7388,-118.2857
"10","190401321","10/17/2019 12:00:00 AM",2019-10-17 12:00:00,"0300","04","Hollenbeck","0416",2,753,"DISCHARGE FIREARMS/SHOTS FIRED",0,"Invest Cont","1100    MONTECITO                    DR",34.0874,-118.2021
"11","191200822","10/13/2019 12:00:00 AM",2019-10-13 12:00:00,"2220","12","77th Street","1265",2,753,"DISCHARGE FIREARMS/SHOTS FIRED",0,"Invest Cont","65TH                         ST",33.9635,-118.298
"12","191817989","08/18/2019 12:00:00 AM",2019-08-18 12:00:00,"0205","18","Southeast","1804",2,753,"DISCHARGE FIREARMS/SHOTS FIRED",0,"Invest Cont","600 E  MANCHESTER                   AV",33.9602,-118.2651
"13","190510908","06/05/2019 12:00:00 AM",2019-06-05 12:00:00,"2320","05","Harbor","0515",2,753,"DISCHARGE FIREARMS/SHOTS FIRED",0,"Invest Cont","SANDISON                     ST",33.793,-118.2699
"14","190214823","07/15/2019 12:00:00 AM",2019-07-15 12:00:00,"1335","02","Rampart","0256",2,753,"DISCHARGE FIREARMS/SHOTS FIRED",18,"Invest Cont","7TH                          ST",34.055,-118.2735
"15","190401246","09/27/2019 12:00:00 AM",2019-09-26 12:00:00,"2245","04","Hollenbeck","0497",2,753,"DISCHARGE FIREARMS/SHOTS FIRED",0,"Adult Arrest","DACOTAH",34.0214,-118.212
"16","191208778","03/11/2019 12:00:00 AM",2019-03-11 12:00:00,"1130","12","77th Street","1269",2,753,"DISCHARGE FIREARMS/SHOTS FIRED",0,"Invest Cont","1000 E  80TH                         ST",33.9665,-118.2575
"17","191309581","04/10/2019 12:00:00 AM",2019-04-10 12:00:00,"2035","13","Newton","1361",2,753,"DISCHARGE FIREARMS/SHOTS FIRED",0,"Invest Cont","100 W  50TH                         ST",33.9974,-118.274
"18","191317911","09/02/2019 12:00:00 AM",2019-09-02 12:00:00,"1900","13","Newton","1331",2,753,"DISCHARGE FIREARMS/SHOTS FIRED",0,"Adult Arrest","3200 S  HILL                         ST",34.0211,-118.274
"19","191800648","06/01/2019 12:00:00 AM",2019-06-01 12:00:00,"0230","18","Southeast","1821",2,753,"DISCHARGE FIREARMS/SHOTS FIRED",0,"Invest Cont","600 W  COLDEN                       AV",33.9492,-118.2848
"20","191210147","03/28/2019 12:00:00 AM",2019-03-28 12:00:00,"0900","12","77th Street","1265",2,753,"DISCHARGE FIREARMS/SHOTS FIRED",0,"Adult Other","1200 W  81ST                         ST",33.9658,-118.2959
"21","190619502","09/22/2019 12:00:00 AM",2019-09-22 12:00:00,"2315","06","Hollywood","0666",2,753,"DISCHARGE FIREARMS/SHOTS FIRED",0,"Invest Cont","AFTON",34.0953,-118.3223
"22","191205248","01/19/2019 12:00:00 AM",2019-01-19 12:00:00,"1230","12","77th Street","1213",2,753,"DISCHARGE FIREARMS/SHOTS FIRED",30,"Invest Cont","57TH                         ST",33.9906,-118.3089
"23","190300889","08/02/2019 12:00:00 AM",2019-08-02 12:00:00,"1200","03","Southwest","0356",2,753,"DISCHARGE FIREARMS/SHOTS FIRED",18,"Adult Arrest","1400    EXPOSITION                   BL",34.0219,-118.3045
"24","190307131","02/19/2019 12:00:00 AM",2019-02-19 12:00:00,"0245","03","Southwest","0361",2,753,"DISCHARGE FIREARMS/SHOTS FIRED",18,"Adult Arrest","4900    AUGUST                       ST",34.0173,-118.3528
"25","191006661","03/02/2019 12:00:00 AM",2019-03-01 12:00:00,"1930","10","West Valley","1018",2,753,"DISCHARGE FIREARMS/SHOTS FIRED",51,"Invest Cont","SATICOY                      ST",34.2085,-118.4771
"26","190516420","10/06/2019 12:00:00 AM",2019-10-06 12:00:00,"0415","05","Harbor","0587",2,753,"DISCHARGE FIREARMS/SHOTS FIRED",0,"Invest Cont","PASEO DEL MAR",33.7065,-118.2928
"27","191309028","04/01/2019 12:00:00 AM",2019-04-01 12:00:00,"0915","13","Newton","1324",2,753,"DISCHARGE FIREARMS/SHOTS FIRED",0,"Invest Cont","1200 E  25TH                         ST",34.0203,-118.2506
"28","190917285","09/24/2019 12:00:00 AM",2019-09-23 12:00:00,"1600","09","Van Nuys","0929",2,753,"DISCHARGE FIREARMS/SHOTS FIRED",0,"Invest Cont","6500    MARY ELLEN                   AV",34.1887,-118.4198
"29","190318949","08/19/2019 12:00:00 AM",2019-08-19 12:00:00,"1355","03","Southwest","0393",2,753,"DISCHARGE FIREARMS/SHOTS FIRED",0,"Invest Cont","42ND                         ST",34.0072,-118.3239
"30","191210960","04/08/2019 12:00:00 AM",2019-04-08 12:00:00,"1740","12","77th Street","1204",2,753,"DISCHARGE FIREARMS/SHOTS FIRED",0,"Invest Cont","47TH                         ST",34.0007,-118.2959
"31","191106127","02/12/2019 12:00:00 AM",2019-02-12 12:00:00,"1245","11","Northeast","1149",2,753,"DISCHARGE FIREARMS/SHOTS FIRED",0,"Adult Arrest","100 N  AVENUE 52",34.1063,-118.1995
"32","190114324","05/24/2019 12:00:00 AM",2019-05-23 12:00:00,"1745","01","Central","0146",2,753,"DISCHARGE FIREARMS/SHOTS FIRED",0,"Invest Cont","400 S  LOS ANGELES                  ST",34.0473,-118.2462
"33","191200794","09/14/2019 12:00:00 AM",2019-09-14 12:00:00,"1805","12","77th Street","1283",2,753,"DISCHARGE FIREARMS/SHOTS FIRED",0,"Invest Cont","CENTURY                      BL",33.9455,-118.3177
"34","192116385","09/28/2019 12:00:00 AM",2019-09-28 12:00:00,"1325","21","Topanga","2136",2,753,"DISCHARGE FIREARMS/SHOTS FIRED",13,"Invest Cont","MILWOOD                      AV",34.2047,-118.5943
"35","190700921","09/15/2019 12:00:00 AM",2019-09-15 12:00:00,"1838","07","Wilshire","0783",2,753,"DISCHARGE FIREARMS/SHOTS FIRED",0,"Adult Arrest","2300 S  MARVIN                       AV",34.0367,-118.3635
"36","191007150","03/13/2019 12:00:00 AM",2019-03-13 12:00:00,"2255","10","West Valley","1018",2,753,"DISCHARGE FIREARMS/SHOTS FIRED",0,"Invest Cont","15800    SATICOY                      ST",34.2085,-118.4771
"37","191501035","07/26/2019 12:00:00 AM",2019-07-26 12:00:00,"0950","15","N Hollywood","1529",2,753,"DISCHARGE FIREARMS/SHOTS FIRED",0,"Adult Arrest","10700    VICTORY                      BL",34.1867,-118.3637
"38","191200764","08/22/2019 12:00:00 AM",2019-08-22 12:00:00,"2130","12","77th Street","1265",2,753,"DISCHARGE FIREARMS/SHOTS FIRED",0,"Invest Cont","1500 W  84TH                         ST",33.9628,-118.3025
"39","191314515","07/06/2019 12:00:00 AM",2019-07-06 12:00:00,"0835","13","Newton","1344",2,753,"DISCHARGE FIREARMS/SHOTS FIRED",46,"Invest Cont","4200    MCKINLEY                     AV",34.0075,-118.2609
"40","190400803","04/21/2019 12:00:00 AM",2019-04-21 12:00:00,"1000","04","Hollenbeck","0424",2,753,"DISCHARGE FIREARMS/SHOTS FIRED",0,"Invest Cont","PARKSIDE",34.0722,-118.2001
"41","191300708","05/28/2019 12:00:00 AM",2019-05-27 12:00:00,"2015","13","Newton","1394",2,753,"DISCHARGE FIREARMS/SHOTS FIRED",36,"Adult Other","100 E  69TH                         ST",33.977,-118.2739
"42","191213376","05/11/2019 12:00:00 AM",2019-05-11 12:00:00,"1611","12","77th Street","1235",2,753,"DISCHARGE FIREARMS/SHOTS FIRED",0,"Invest Cont","1500 W  SLAUSON                      AV",33.9892,-118.3024
"43","191106978","03/03/2019 12:00:00 AM",2019-03-03 12:00:00,"2200","11","Northeast","1181",2,753,"DISCHARGE FIREARMS/SHOTS FIRED",0,"Invest Cont","1400    MOHAWK                       ST",34.0815,-118.2638
"44","191821364","10/12/2019 12:00:00 AM",2019-10-12 12:00:00,"0120","18","Southeast","1823",2,753,"DISCHARGE FIREARMS/SHOTS FIRED",0,"Invest Cont","200 E  103RD                        ST",33.9429,-118.2717
"45","190508789","04/20/2019 12:00:00 AM",2019-04-20 12:00:00,"0220","05","Harbor","0565",2,753,"DISCHARGE FIREARMS/SHOTS FIRED",0,"Invest Cont","CABRILLO",33.7361,-118.2946
"46","190611281","05/06/2019 12:00:00 AM",2019-05-06 12:00:00,"2340","06","Hollywood","0677",2,753,"DISCHARGE FIREARMS/SHOTS FIRED",0,"Invest Cont","MARATHON",34.0849,-118.3125
"47","191300819","07/27/2019 12:00:00 AM",2019-07-27 12:00:00,"1745","13","Newton","1333",2,753,"DISCHARGE FIREARMS/SHOTS FIRED",0,"Invest Cont","700 E  31ST                         ST",34.0179,-118.2636
"48","191500910","06/07/2019 12:00:00 AM",2019-06-06 12:00:00,"2230","15","N Hollywood","1522",2,753,"DISCHARGE FIREARMS/SHOTS FIRED",31,"Invest Cont","VOSE                         ST",34.1985,-118.4149
"49","191211214","04/11/2019 12:00:00 AM",2019-04-11 12:00:00,"2124","12","77th Street","1269",2,753,"DISCHARGE FIREARMS/SHOTS FIRED",0,"Invest Cont","8400    STANFORD                     AV",33.9629,-118.2629
"50","191108815","04/10/2019 12:00:00 AM",2019-04-10 12:00:00,"0545","11","Northeast","1171",2,753,"DISCHARGE FIREARMS/SHOTS FIRED",0,"Invest Cont","REDESDALE",34.0924,-118.2681
"51","191224669","10/13/2019 12:00:00 AM",2019-10-13 12:00:00,"1120","12","77th Street","1266",2,753,"DISCHARGE FIREARMS/SHOTS FIRED",0,"Invest Cont","300 W  83RD                         ST",33.9661,-118.2849
"52","191000585","03/19/2019 12:00:00 AM",2019-03-19 12:00:00,"0300","10","West Valley","1043",2,753,"DISCHARGE FIREARMS/SHOTS FIRED",0,"Invest Cont","18600    HATTERAS                     ST",34.1774,-118.5387
"53","191204588","01/09/2019 12:00:00 AM",2019-01-09 12:00:00,"0930","12","77th Street","1215",2,753,"DISCHARGE FIREARMS/SHOTS FIRED",0,"Invest Cont","52ND                         ST",33.9951,-118.3024
"54","191306938","02/24/2019 12:00:00 AM",2019-02-24 12:00:00,"1940","13","Newton","1313",2,753,"DISCHARGE FIREARMS/SHOTS FIRED",0,"Invest Cont","21ST                         ST",34.0272,-118.2616
"55","191600849","07/16/2019 12:00:00 AM",2019-07-15 12:00:00,"0100","16","Foothill","1623",2,753,"DISCHARGE FIREARMS/SHOTS FIRED",0,"Invest Cont","PALA",34.2682,-118.4193
"56","190600563","01/09/2019 12:00:00 AM",2019-01-09 12:00:00,"2245","06","Hollywood","0666",2,753,"DISCHARGE FIREARMS/SHOTS FIRED",0,"Invest Cont","6200    LEXINGTON                    AV",34.0926,-118.3244
"57","191421108","09/29/2019 12:00:00 AM",2019-09-29 12:00:00,"1947","14","Pacific","1409",2,753,"DISCHARGE FIREARMS/SHOTS FIRED",0,"Invest Cont","8900    VENICE                       BL",34.0294,-118.3881
"58","191100651","08/04/2019 12:00:00 AM",2019-08-04 12:00:00,"1640","11","Northeast","1172",2,753,"DISCHARGE FIREARMS/SHOTS FIRED",0,"Invest Cont","WATERLOO",34.0868,-118.2623
"59","191913908","07/24/2019 12:00:00 AM",2019-07-24 12:00:00,"0146","19","Mission","1999",2,753,"DISCHARGE FIREARMS/SHOTS FIRED",0,"Invest Cont","8100    VARNA                        AV",34.218,-118.4247
"60","191700721","07/06/2019 12:00:00 AM",2019-07-06 12:00:00,"2110","17","Devonshire","1781",2,753,"DISCHARGE FIREARMS/SHOTS FIRED",0,"Adult Arrest","8800    INDEPENDENCE                 AV",34.2302,-118.5907
"61","191704894","01/19/2019 12:00:00 AM",2019-01-19 12:00:00,"1220","17","Devonshire","1745",2,753,"DISCHARGE FIREARMS/SHOTS FIRED",0,"Invest Cont","17900    DEVONSHIRE                   ST",34.2611,-118.5158
"62","191613911","09/13/2019 12:00:00 AM",2019-09-13 12:00:00,"2340","16","Foothill","1667",2,753,"DISCHARGE FIREARMS/SHOTS FIRED",0,"Invest Cont","10800    ROYCROFT                     ST",34.2404,-118.3658
"63","190913418","07/07/2019 12:00:00 AM",2019-07-04 12:00:00,"1700","09","Van Nuys","0926",2,753,"DISCHARGE FIREARMS/SHOTS FIRED",22,"Invest Cont","VANOWEN",34.194,-118.4356
"64","191900707","04/30/2019 12:00:00 AM",2019-04-29 12:00:00,"2200","19","Mission","1944",2,753,"DISCHARGE FIREARMS/SHOTS FIRED",26,"Invest Cont","11100    ONEIDA                       AV",34.2723,-118.4396
"65","192012157","06/14/2019 12:00:00 AM",2019-06-14 12:00:00,"1955","20","Olympic","2027",2,753,"DISCHARGE FIREARMS/SHOTS FIRED",0,"Invest Cont","5TH                          ST",34.0654,-118.2979
"66","191318966","09/20/2019 12:00:00 AM",2019-09-20 12:00:00,"1715","13","Newton","1351",2,753,"DISCHARGE FIREARMS/SHOTS FIRED",0,"Invest Cont","4000 S  MAIN                         ST",34.0075,-118.2775
"67","191209489","03/20/2019 12:00:00 AM",2019-03-20 12:00:00,"1515","12","77th Street","1235",2,753,"DISCHARGE FIREARMS/SHOTS FIRED",43,"Invest Cont","1400 W  59TH                         ST",33.9875,-118.3002
"68","191112234","06/19/2019 12:00:00 AM",2019-06-19 12:00:00,"0217","11","Northeast","1124",2,753,"DISCHARGE FIREARMS/SHOTS FIRED",0,"Invest Cont","3200    CHAPMAN                      ST",34.1196,-118.246
"69","192104907","01/21/2019 12:00:00 AM",2019-01-21 12:00:00,"1530","21","Topanga","2107",2,753,"DISCHARGE FIREARMS/SHOTS FIRED",35,"Invest Cont","21200    BRYANT                       ST",34.227,-118.594
"70","191100542","02/02/2019 12:00:00 AM",2019-02-01 12:00:00,"2050","11","Northeast","1102",2,753,"DISCHARGE FIREARMS/SHOTS FIRED",0,"Invest Cont","SAN FERNANDO",34.1371,-118.2679
"71","190218932","09/23/2019 12:00:00 AM",2019-09-23 12:00:00,"1815","02","Rampart","0233",2,753,"DISCHARGE FIREARMS/SHOTS FIRED",0,"Invest Cont","TEMPLE",34.0729,-118.2757
"72","191909665","04/30/2019 12:00:00 AM",2019-04-30 12:00:00,"1610","19","Mission","1915",2,753,"DISCHARGE FIREARMS/SHOTS FIRED",0,"Invest Cont","12800    WOODCOCK                     AV",34.3029,-118.4517
"73","191805337","01/25/2019 12:00:00 AM",2019-01-25 12:00:00,"1140","18","Southeast","1806",2,753,"DISCHARGE FIREARMS/SHOTS FIRED",0,"Invest Cont","89TH",33.9556,-118.2564
"74","191807799","03/08/2019 12:00:00 AM",2019-03-08 12:00:00,"1835","18","Southeast","1824",2,753,"DISCHARGE FIREARMS/SHOTS FIRED",0,"Invest Cont","600 E  94TH                         ST",33.9511,-118.2651
"75","190320453","09/11/2019 12:00:00 AM",2019-09-11 12:00:00,"0530","03","Southwest","0363",2,753,"DISCHARGE FIREARMS/SHOTS FIRED",18,"Invest Cont","4000    SANTA ROSALIA                DR",34.0121,-118.3423
"76","190916398","09/05/2019 12:00:00 AM",2019-09-05 12:00:00,"1620","09","Van Nuys","0935",2,753,"DISCHARGE FIREARMS/SHOTS FIRED",38,"Invest Cont","6200    SYLMAR                       AV",34.1827,-118.4465
"77","191507443","03/06/2019 12:00:00 AM",2019-03-06 12:00:00,"2210","15","N Hollywood","1532",2,753,"DISCHARGE FIREARMS/SHOTS FIRED",50,"Adult Arrest","12300    BURBANK                      BL",34.1797,-118.4014
"78","191611766","07/21/2019 12:00:00 AM",2019-07-21 12:00:00,"2245","16","Foothill","1654",2,753,"DISCHARGE FIREARMS/SHOTS FIRED",0,"Adult Arrest","CORRENTI",34.253,-118.4075
"79","190209744","04/15/2019 12:00:00 AM",2019-04-15 12:00:00,"2015","02","Rampart","0269",2,753,"DISCHARGE FIREARMS/SHOTS FIRED",24,"Adult Arrest","700    GARLAND                      AV",34.0517,-118.2663
"80","190400590","02/05/2019 12:00:00 AM",2019-02-05 12:00:00,"0015","04","Hollenbeck","0449",2,753,"DISCHARGE FIREARMS/SHOTS FIRED",0,"Invest Cont","GANAHL                       ST",34.0528,-118.1978
"81","190401087","08/03/2019 12:00:00 AM",2019-08-02 12:00:00,"2225","04","Hollenbeck","0449",2,753,"DISCHARGE FIREARMS/SHOTS FIRED",0,"Adult Other","3100    GANAHL                       ST",34.0509,-118.1932
"82","191810451","04/17/2019 12:00:00 AM",2019-04-17 12:00:00,"1530","18","Southeast","1801",2,753,"DISCHARGE FIREARMS/SHOTS FIRED",0,"Adult Other","89TH                         PL",33.9555,-118.2871
"83","192005238","01/26/2019 12:00:00 AM",2019-01-26 12:00:00,"1715","20","Olympic","2004",2,753,"DISCHARGE FIREARMS/SHOTS FIRED",0,"Invest Cont","600 N  HOBART                       BL",34.0817,-118.3057
"84","191404037","01/01/2019 12:00:00 AM",2019-01-01 12:00:00,"0345","14","Pacific","1496",2,753,"DISCHARGE FIREARMS/SHOTS FIRED",48,"Invest Cont","5900 W  CENTURY                      BL",33.9472,-118.3909
"85","191206715","02/08/2019 12:00:00 AM",2019-02-08 12:00:00,"1456","12","77th Street","1215",2,753,"DISCHARGE FIREARMS/SHOTS FIRED",0,"Invest Cont","5700 S  BUDLONG                      AV",33.9905,-118.2958
"86","190508638","04/16/2019 12:00:00 AM",2019-04-16 12:00:00,"1745","05","Harbor","0503",2,753,"DISCHARGE FIREARMS/SHOTS FIRED",0,"Invest Cont","MARIGOLD                     AV",33.7947,-118.2959
"87","191219450","07/31/2019 12:00:00 AM",2019-07-31 12:00:00,"1025","12","77th Street","1269",2,753,"DISCHARGE FIREARMS/SHOTS FIRED",0,"Invest Cont","84TH                         ST",33.9629,-118.2695
"88","191223000","09/18/2019 12:00:00 AM",2019-09-18 12:00:00,"1725","12","77th Street","1204",2,753,"DISCHARGE FIREARMS/SHOTS FIRED",0,"Invest Cont","1000 W  48TH                         ST",34.0017,-118.2979
"89","191113464","07/12/2019 12:00:00 AM",2019-07-12 12:00:00,"0025","11","Northeast","1124",2,753,"DISCHARGE FIREARMS/SHOTS FIRED",0,"Invest Cont","3300    DREW                         ST",34.1199,-118.2431
"90","191312513","06/03/2019 12:00:00 AM",2019-06-03 12:00:00,"0430","13","Newton","1341",2,753,"DISCHARGE FIREARMS/SHOTS FIRED",0,"Invest Cont","BROADWAY",34.0111,-118.2774
"91","190704463","01/08/2019 12:00:00 AM",2019-01-08 12:00:00,"2000","07","Wilshire","0775",2,753,"DISCHARGE FIREARMS/SHOTS FIRED",49,"Invest Cont","4800    SAINT ELMO                   DR",34.0431,-118.3418
"92","192009437","04/19/2019 12:00:00 AM",2019-04-19 12:00:00,"0005","20","Olympic","2044",2,753,"DISCHARGE FIREARMS/SHOTS FIRED",0,"Invest Cont","900 S  ARDMORE                      AV",34.0559,-118.302
"93","191814757","06/24/2019 12:00:00 AM",2019-06-24 12:00:00,"0200","18","Southeast","1801",2,753,"DISCHARGE FIREARMS/SHOTS FIRED",0,"Invest Cont","89TH                         ST",33.9555,-118.2871
"94","191610451","06/18/2019 12:00:00 AM",2019-06-18 12:00:00,"0250","16","Foothill","1672",2,753,"DISCHARGE FIREARMS/SHOTS FIRED",62,"Invest Cont","PEORIA                       ST",34.232,-118.3893
"95","190506082","02/16/2019 12:00:00 AM",2019-02-16 12:00:00,"2220","05","Harbor","0503",2,753,"DISCHARGE FIREARMS/SHOTS FIRED",0,"Invest Cont","252ND                        ST",33.7958,-118.2937
"96","191106922","03/02/2019 12:00:00 AM",2019-03-02 12:00:00,"2020","11","Northeast","1124",2,753,"DISCHARGE FIREARMS/SHOTS FIRED",0,"Invest Cont","3200    ANDRITA                      ST",34.1177,-118.2441
"97","190321417","09/24/2019 12:00:00 AM",2019-09-24 12:00:00,"2230","03","Southwest","0326",2,753,"DISCHARGE FIREARMS/SHOTS FIRED",18,"Invest Cont","2700 S  HARVARD                      BL",34.0309,-118.3066
"98","190900584","04/06/2019 12:00:00 AM",2019-04-05 12:00:00,"2245","09","Van Nuys","0941",2,753,"DISCHARGE FIREARMS/SHOTS FIRED",57,"Adult Arrest","5700    SEPULVEDA                    BL",34.174,-118.4662
"99","191610492","06/19/2019 12:00:00 AM",2019-06-18 12:00:00,"0005","16","Foothill","1672",2,753,"DISCHARGE FIREARMS/SHOTS FIRED",64,"Invest Cont","ILEX                         AV",34.2322,-118.389
"100","190300869","07/24/2019 12:00:00 AM",2019-07-24 12:00:00,"1545","03","Southwest","0393",2,753,"DISCHARGE FIREARMS/SHOTS FIRED",18,"Invest Cont","4200    DEGNAN                       BL",34.0085,-118.3314
"101","192116176","09/24/2019 12:00:00 AM",2019-09-24 12:00:00,"0500","21","Topanga","2143",2,753,"DISCHARGE FIREARMS/SHOTS FIRED",36,"Adult Other","VICTORY                      BL",34.1865,-118.6234
"102","190100901","09/25/2019 12:00:00 AM",2019-09-25 12:00:00,"2300","01","Central","0118",2,753,"DISCHARGE FIREARMS/SHOTS FIRED",33,"Invest Cont","100 W  ELMYRA                       ST",34.0661,-118.2334
"103","190506623","03/02/2019 12:00:00 AM",2019-03-02 12:00:00,"2200","05","Harbor","0529",2,753,"DISCHARGE FIREARMS/SHOTS FIRED",0,"Invest Cont","2500 E  ANAHEIM                      ST",33.7819,-118.2314
"104","191500709","03/17/2019 12:00:00 AM",2019-03-16 12:00:00,"2300","15","N Hollywood","1516",2,753,"DISCHARGE FIREARMS/SHOTS FIRED",0,"Invest Cont","6600    LEMP                         AV",34.1903,-118.3845
"105","190300965","09/10/2019 12:00:00 AM",2019-09-10 12:00:00,"1850","03","Southwest","0312",2,753,"DISCHARGE FIREARMS/SHOTS FIRED",18,"Invest Cont","CLOVERDALE                   AV",34.0325,-118.3582
"106","191100644","07/25/2019 12:00:00 AM",2019-07-25 12:00:00,"0530","11","Northeast","1146",2,753,"DISCHARGE FIREARMS/SHOTS FIRED",0,"Invest Cont","RIPPLE",34.1052,-118.2492
"107","191221486","08/29/2019 12:00:00 AM",2019-08-29 12:00:00,"1030","12","77th Street","1283",2,753,"DISCHARGE FIREARMS/SHOTS FIRED",0,"Invest Cont","98TH                         ST",33.947,-118.309
"108","191210066","03/27/2019 12:00:00 AM",2019-03-27 12:00:00,"1555","12","77th Street","1251",2,753,"DISCHARGE FIREARMS/SHOTS FIRED",0,"Adult Other","7000    8TH                          AV",33.9731,-118.3304
"109","191306672","02/20/2019 12:00:00 AM",2019-02-19 12:00:00,"0445","13","Newton","1342",2,753,"DISCHARGE FIREARMS/SHOTS FIRED",19,"Invest Cont","36TH                         ST",34.0147,-118.2682
"110","191113540","07/13/2019 12:00:00 AM",2019-07-13 12:00:00,"1952","11","Northeast","1158",2,753,"DISCHARGE FIREARMS/SHOTS FIRED",0,"Invest Cont","1200    ISABEL                       ST",34.0951,-118.2171
"111","191204858","01/13/2019 12:00:00 AM",2019-01-13 12:00:00,"0045","12","77th Street","1232",2,753,"DISCHARGE FIREARMS/SHOTS FIRED",0,"Invest Cont","3200 W  59TH                         ST",33.9872,-118.3282
"112","190600982","05/11/2019 12:00:00 AM",2019-05-11 12:00:00,"0145","06","Hollywood","0636",2,753,"DISCHARGE FIREARMS/SHOTS FIRED",0,"Adult Arrest","CHEROKEE                     AV",34.1016,-118.3348
"113","191810247","04/14/2019 12:00:00 AM",2019-04-14 12:00:00,"2155","18","Southeast","1827",2,753,"DISCHARGE FIREARMS/SHOTS FIRED",0,"Invest Cont","9500    HOLMES                       AV",33.9501,-118.2408
"114","191812157","05/15/2019 12:00:00 AM",2019-05-15 12:00:00,"0050","18","Southeast","1821",2,753,"DISCHARGE FIREARMS/SHOTS FIRED",0,"Adult Arrest","HOOVER",33.9492,-118.2869
"115","191913964","07/25/2019 12:00:00 AM",2019-07-25 12:00:00,"0001","19","Mission","1918",2,753,"DISCHARGE FIREARMS/SHOTS FIRED",0,"Invest Cont","GRIDLEY",34.3022,-118.4287
"116","191218141","07/13/2019 12:00:00 AM",2019-07-13 12:00:00,"1745","12","77th Street","1253",2,753,"DISCHARGE FIREARMS/SHOTS FIRED",0,"Invest Cont","WESTERN                      AV",33.9737,-118.309
"117","190900782","08/06/2019 12:00:00 AM",2019-08-06 12:00:00,"2203","09","Van Nuys","0963",2,753,"DISCHARGE FIREARMS/SHOTS FIRED",0,"Invest Cont","CEDROS                       AV",34.164,-118.4531
"118","190500526","01/13/2019 12:00:00 AM",2019-01-13 12:00:00,"2210","05","Harbor","0567",2,753,"DISCHARGE FIREARMS/SHOTS FIRED",18,"Invest Cont","200 W  15TH                         ST",33.7306,-118.2814
"119","190313098","05/16/2019 12:00:00 AM",2019-05-16 12:00:00,"1120","03","Southwest","0376",2,753,"DISCHARGE FIREARMS/SHOTS FIRED",51,"Adult Other","37TH                         ST",34.0145,-118.3045
"120","190905278","01/27/2019 12:00:00 AM",2019-01-27 12:00:00,"0200","09","Van Nuys","0923",2,753,"DISCHARGE FIREARMS/SHOTS FIRED",27,"Invest Cont","15200    VICTORY                      BL",34.1903,-118.4574
"121","191105050","01/22/2019 12:00:00 AM",2019-01-22 12:00:00,"0010","11","Northeast","1135",2,753,"DISCHARGE FIREARMS/SHOTS FIRED",0,"Invest Cont","3300    DIVISION                     ST",34.1164,-118.2332
"122","191612905","08/19/2019 12:00:00 AM",2019-08-18 12:00:00,"2354","16","Foothill","1633",2,753,"DISCHARGE FIREARMS/SHOTS FIRED",72,"Invest Cont","FOOTHILL",34.2749,-118.3955
"123","190511223","06/12/2019 12:00:00 AM",2019-06-12 12:00:00,"2000","05","Harbor","0507",2,753,"DISCHARGE FIREARMS/SHOTS FIRED",0,"Invest Cont","227TH                        ST",33.8202,-118.3037
"124","190506579","03/01/2019 12:00:00 AM",2019-03-01 12:00:00,"0500","05","Harbor","0529",2,753,"DISCHARGE FIREARMS/SHOTS FIRED",18,"Invest Cont","900    CUSHING                      AV",33.7831,-118.2305
"125","190114284","05/23/2019 12:00:00 AM",2019-05-23 12:00:00,"1815","01","Central","0176",2,753,"DISCHARGE FIREARMS/SHOTS FIRED",48,"Invest Cont","7TH                          ST",34.0412,-118.2474
"126","191707010","03/07/2019 12:00:00 AM",2019-03-07 12:00:00,"1115","17","Devonshire","1785",2,753,"DISCHARGE FIREARMS/SHOTS FIRED",0,"Invest Cont","8800    RESEDA                       BL",34.2308,-118.5361
"127","190712467","06/18/2019 12:00:00 AM",2019-06-16 12:00:00,"1700","07","Wilshire","0711",2,753,"DISCHARGE FIREARMS/SHOTS FIRED",0,"Invest Cont","FAIRFAX",34.0802,-118.3614
"128","191900851","06/22/2019 12:00:00 AM",2019-06-22 12:00:00,"2340","19","Mission","1982",2,753,"DISCHARGE FIREARMS/SHOTS FIRED",78,"Invest Cont","8700    PARTHENIA                    PL",34.2286,-118.4644
"129","190505086","01/24/2019 12:00:00 AM",2019-01-24 12:00:00,"2145","05","Harbor","0515",2,753,"DISCHARGE FIREARMS/SHOTS FIRED",0,"Invest Cont","1500    MCDONALD                     AV",33.7929,-118.272
"130","191905540","02/02/2019 12:00:00 AM",2019-02-02 12:00:00,"1520","19","Mission","1913",2,753,"DISCHARGE FIREARMS/SHOTS FIRED",0,"Invest Cont","13000    GLENOAKS                     BL",34.3089,-118.4613
"131","190400718","03/17/2019 12:00:00 AM",2019-03-17 12:00:00,"2230","04","Hollenbeck","0466",2,753,"DISCHARGE FIREARMS/SHOTS FIRED",0,"Invest Cont","2400 E  CESAR E CHAVEZ               AV",34.0468,-118.2078
"132","191800829","10/19/2019 12:00:00 AM",2019-10-19 12:00:00,"1725","18","Southeast","1805",2,753,"DISCHARGE FIREARMS/SHOTS FIRED",57,"Invest Cont","300 E  89TH                         ST",33.9556,-118.2695
"133","191000869","09/14/2019 12:00:00 AM",2019-09-13 12:00:00,"2355","10","West Valley","1017",2,753,"DISCHARGE FIREARMS/SHOTS FIRED",0,"Invest Cont","17300    SATICOY                      ST",34.2084,-118.5099
"134","190507360","03/16/2019 12:00:00 AM",2019-03-16 12:00:00,"2325","05","Harbor","0513",2,753,"DISCHARGE FIREARMS/SHOTS FIRED",0,"Invest Cont","110                          FY",33.7862,-118.2908
"135","190401280","10/06/2019 12:00:00 AM",2019-10-06 12:00:00,"2310","04","Hollenbeck","0477",2,753,"DISCHARGE FIREARMS/SHOTS FIRED",0,"Adult Arrest","2400    WHITTIER                     BL",34.0344,-118.2157
"136","192004453","01/10/2019 12:00:00 AM",2019-01-09 12:00:00,"2200","20","Olympic","2076",2,753,"DISCHARGE FIREARMS/SHOTS FIRED",0,"Invest Cont","1400 S  NEW HAMPSHIRE                AV",34.0463,-118.2924
"137","191809668","04/06/2019 12:00:00 AM",2019-04-06 12:00:00,"1630","18","Southeast","1838",2,753,"DISCHARGE FIREARMS/SHOTS FIRED",0,"Invest Cont","105TH                        ST",33.9407,-118.239
"138","190716753","09/18/2019 12:00:00 AM",2019-09-18 12:00:00,"0130","07","Wilshire","0778",2,753,"DISCHARGE FIREARMS/SHOTS FIRED",21,"Invest Cont","LONGWOOD                     AV",34.0418,-118.3269
"139","190400669","03/03/2019 12:00:00 AM",2019-03-03 12:00:00,"2210","04","Hollenbeck","0426",2,753,"DISCHARGE FIREARMS/SHOTS FIRED",0,"Invest Cont","PORTOLA",34.0887,-118.1721
"140","191700519","01/18/2019 12:00:00 AM",2019-01-18 12:00:00,"1240","17","Devonshire","1794",2,753,"DISCHARGE FIREARMS/SHOTS FIRED",0,"Invest Cont","AMIGO                        AV",34.223,-118.5378
"141","191611748","07/21/2019 12:00:00 AM",2019-07-21 12:00:00,"0230","16","Foothill","1601",2,753,"DISCHARGE FIREARMS/SHOTS FIRED",18,"Invest Cont","DESMOND",34.2831,-118.4187
"142","190913328","07/05/2019 12:00:00 AM",2019-07-05 12:00:00,"0005","09","Van Nuys","0904",2,753,"DISCHARGE FIREARMS/SHOTS FIRED",0,"Invest Cont","15100    LEADWELL                     ST",34.2039,-118.4618
"143","191214181","05/21/2019 12:00:00 AM",2019-05-21 12:00:00,"1300","12","77th Street","1273",2,753,"DISCHARGE FIREARMS/SHOTS FIRED",0,"Invest Cont","8800 S  WESTERN                      AV",33.9582,-118.309
"144","191208621","03/09/2019 12:00:00 AM",2019-03-09 12:00:00,"1100","12","77th Street","1252",2,753,"DISCHARGE FIREARMS/SHOTS FIRED",53,"Invest Cont","2800 W  FLORENCE                     AV",33.9746,-118.3236
"145","191605955","02/25/2019 12:00:00 AM",2019-02-24 12:00:00,"2045","16","Foothill","1643",2,753,"DISCHARGE FIREARMS/SHOTS FIRED",0,"Invest Cont","KAGEL CANYON                 ST",34.2572,-118.4126
"146","191205345","01/19/2019 12:00:00 AM",2019-01-19 12:00:00,"2100","12","77th Street","1235",2,753,"DISCHARGE FIREARMS/SHOTS FIRED",38,"Invest Cont","59TH                         ST",33.9875,-118.298
"147","191211039","04/09/2019 12:00:00 AM",2019-04-09 12:00:00,"2345","12","77th Street","1215",2,753,"DISCHARGE FIREARMS/SHOTS FIRED",0,"Invest Cont","1300 W  54TH                         ST",33.9932,-118.298
"148","191000605","03/30/2019 12:00:00 AM",2019-03-30 12:00:00,"0515","10","West Valley","1065",2,753,"DISCHARGE FIREARMS/SHOTS FIRED",0,"Invest Cont","17800    KILLION                      ST",34.1708,-118.5203
"149","191013329","08/08/2019 12:00:00 AM",2019-08-08 12:00:00,"2210","10","West Valley","1018",2,753,"DISCHARGE FIREARMS/SHOTS FIRED",0,"Invest Cont","15800    SATICOY                      ST",34.2085,-118.4771
"150","190504881","01/20/2019 12:00:00 AM",2019-01-20 12:00:00,"2245","05","Harbor","0564",2,753,"DISCHARGE FIREARMS/SHOTS FIRED",0,"Invest Cont","2ND                          ST",33.7424,-118.2804
"151","190509854","05/13/2019 12:00:00 AM",2019-05-13 12:00:00,"2215","05","Harbor","0528",2,753,"DISCHARGE FIREARMS/SHOTS FIRED",0,"Invest Cont","L                            ST",33.7876,-118.2465
"152","191212436","04/28/2019 12:00:00 AM",2019-04-28 12:00:00,"0545","12","77th Street","1273",2,753,"DISCHARGE FIREARMS/SHOTS FIRED",40,"Invest Cont","WESTERN                      AV",33.9564,-118.309
"153","191811143","04/29/2019 12:00:00 AM",2019-04-29 12:00:00,"2115","18","Southeast","1824",2,753,"DISCHARGE FIREARMS/SHOTS FIRED",0,"Invest Cont","E  98TH                         ST",33.9475,-118.2586
"154","190401113","08/11/2019 12:00:00 AM",2019-08-11 12:00:00,"1840","04","Hollenbeck","0416",2,753,"DISCHARGE FIREARMS/SHOTS FIRED",0,"Invest Cont","2700    LINCOLN PARK                 AV",34.0812,-118.2032
"155","190505539","02/04/2019 12:00:00 AM",2019-02-04 12:00:00,"2000","05","Harbor","0507",2,753,"DISCHARGE FIREARMS/SHOTS FIRED",0,"Invest Cont","225TH                        ST",33.8223,-118.3015
"156","190710715","05/17/2019 12:00:00 AM",2019-05-16 12:00:00,"2210","07","Wilshire","0759",2,753,"DISCHARGE FIREARMS/SHOTS FIRED",18,"Adult Arrest","1100    BRONSON                      AV",34.0495,-118.3215
"157","191819102","09/05/2019 12:00:00 AM",2019-09-04 12:00:00,"2130","18","Southeast","1871",2,753,"DISCHARGE FIREARMS/SHOTS FIRED",0,"Invest Cont","700 W  136TH                        ST",33.9084,-118.2872
"158","190700950","09/29/2019 12:00:00 AM",2019-09-29 12:00:00,"0930","07","Wilshire","0759",2,753,"DISCHARGE FIREARMS/SHOTS FIRED",0,"Invest Cont","1100    BRONSON                      AV",34.0495,-118.3215
"159","191214130","05/20/2019 12:00:00 AM",2019-05-20 12:00:00,"2025","12","77th Street","1273",2,753,"DISCHARGE FIREARMS/SHOTS FIRED",0,"Invest Cont","91ST                         ST",33.9545,-118.3079
"160","192004319","01/07/2019 12:00:00 AM",2019-01-07 12:00:00,"2330","20","Olympic","2036",2,753,"DISCHARGE FIREARMS/SHOTS FIRED",0,"Invest Cont","3100 W  8TH                          ST",34.0598,-118.2935
"161","190500811","07/03/2019 12:00:00 AM",2019-07-03 12:00:00,"2100","05","Harbor","0509",2,753,"DISCHARGE FIREARMS/SHOTS FIRED",0,"Invest Cont","25100    BELLE PORTE                  AV",33.7968,-118.3011
"162","191500624","02/10/2019 12:00:00 AM",2019-02-09 12:00:00,"2310","15","N Hollywood","1511",2,753,"DISCHARGE FIREARMS/SHOTS FIRED",0,"Invest Cont","7200    ATOLL                        AV",34.2012,-118.4211
"163","191605662","02/15/2019 12:00:00 AM",2019-02-15 12:00:00,"1800","16","Foothill","1617",2,753,"DISCHARGE FIREARMS/SHOTS FIRED",51,"Adult Arrest","9100    FOOTHILL                     BL",34.2724,-118.3243
"164","190500814","07/04/2019 12:00:00 AM",2019-07-03 12:00:00,"2350","05","Harbor","0551",2,753,"DISCHARGE FIREARMS/SHOTS FIRED",0,"Invest Cont","1400 W  SUMMERLAND                   AV",33.747,-118.3064
"165","192011884","06/09/2019 12:00:00 AM",2019-06-09 12:00:00,"0030","20","Olympic","2079",2,753,"DISCHARGE FIREARMS/SHOTS FIRED",0,"Adult Other","ORCHARD                      AV",34.0453,-118.2885
"166","191610724","06/24/2019 12:00:00 AM",2019-06-24 12:00:00,"2230","16","Foothill","1672",2,753,"DISCHARGE FIREARMS/SHOTS FIRED",28,"Adult Arrest","LANKERSHIM",34.2337,-118.3878
"167","190918644","10/21/2019 12:00:00 AM",2019-10-18 12:00:00,"2130","09","Van Nuys","0939",2,753,"DISCHARGE FIREARMS/SHOTS FIRED",0,"Invest Cont","VICTORY                      BL",34.1867,-118.4137
"168","191311635","05/17/2019 12:00:00 AM",2019-05-17 12:00:00,"2315","13","Newton","1371",2,753,"DISCHARGE FIREARMS/SHOTS FIRED",0,"Invest Cont","5300 S  BROADWAY",33.9942,-118.2783
"169","191700503","01/01/2019 12:00:00 AM",2019-01-01 12:00:00,"2300","17","Devonshire","1751",2,753,"DISCHARGE FIREARMS/SHOTS FIRED",0,"Invest Cont","21700    MERRIDY                      ST",34.2529,-118.6017
"170","191700601","03/25/2019 12:00:00 AM",2019-03-25 12:00:00,"2157","17","Devonshire","1794",2,753,"DISCHARGE FIREARMS/SHOTS FIRED",46,"Invest Cont","8300    AMIGO                        AV",34.2215,-118.5379
"171","191212997","05/06/2019 12:00:00 AM",2019-05-06 12:00:00,"0105","12","77th Street","1248",2,753,"DISCHARGE FIREARMS/SHOTS FIRED",0,"Invest Cont","800 W  68TH                         ST",33.9782,-118.2871
"172","191312914","06/09/2019 12:00:00 AM",2019-06-09 12:00:00,"2255","13","Newton","1365",2,753,"DISCHARGE FIREARMS/SHOTS FIRED",0,"Invest Cont","48TH                         ST",34.0002,-118.2499
"173","191811310","05/02/2019 12:00:00 AM",2019-05-02 12:00:00,"0400","18","Southeast","1823",2,753,"DISCHARGE FIREARMS/SHOTS FIRED",0,"Invest Cont","97TH                         ST",33.9483,-118.2695
"174","191600579","02/04/2019 12:00:00 AM",2019-02-03 12:00:00,"0050","16","Foothill","1642",2,753,"DISCHARGE FIREARMS/SHOTS FIRED",33,"Invest Cont","TELFAIR                      AV",34.2606,-118.4224
"175","190500919","08/21/2019 12:00:00 AM",2019-08-21 12:00:00,"2330","05","Harbor","0521",2,753,"DISCHARGE FIREARMS/SHOTS FIRED",0,"Invest Cont","FIGUEROA                     PL",33.7773,-118.2807
"176","191612349","08/05/2019 12:00:00 AM",2019-08-05 12:00:00,"0050","16","Foothill","1663",2,753,"DISCHARGE FIREARMS/SHOTS FIRED",0,"Invest Cont","9100    TELFAIR                      AV",34.2348,-118.395
"177","192112634","07/11/2019 12:00:00 AM",2019-07-04 12:00:00,"1000","21","Topanga","2156",2,753,"DISCHARGE FIREARMS/SHOTS FIRED",50,"Adult Other","6600    TOPANGA CANYON               BL",34.1905,-118.6059
"178","190415015","09/26/2019 12:00:00 AM",2019-09-26 12:00:00,"0030","04","Hollenbeck","0439",2,753,"DISCHARGE FIREARMS/SHOTS FIRED",0,"Invest Cont","5100    VALLEY                       BL",34.0712,-118.1732
"179","190505096","01/24/2019 12:00:00 AM",2019-01-24 12:00:00,"2325","05","Harbor","0532",2,753,"DISCHARGE FIREARMS/SHOTS FIRED",0,"Invest Cont","1100    RONAN                        AV",33.7845,-118.272
"180","190400865","05/12/2019 12:00:00 AM",2019-05-12 12:00:00,"2150","04","Hollenbeck","0467",2,753,"DISCHARGE FIREARMS/SHOTS FIRED",0,"Invest Cont","MATHEWS",34.0401,-118.2106
"181","191306541","02/17/2019 12:00:00 AM",2019-02-17 12:00:00,"1645","13","Newton","1343",2,753,"DISCHARGE FIREARMS/SHOTS FIRED",0,"Invest Cont","3700    METTLER                      ST",34.0128,-118.2664
"182","191820010","09/20/2019 12:00:00 AM",2019-09-20 12:00:00,"2210","18","Southeast","1881",2,753,"DISCHARGE FIREARMS/SHOTS FIRED",0,"Invest Cont","16400    ORCHARD                      AV",33.8829,-118.2881
"183","191613535","09/05/2019 12:00:00 AM",2019-09-04 12:00:00,"2300","16","Foothill","1677",2,753,"DISCHARGE FIREARMS/SHOTS FIRED",0,"Invest Cont","9900    EDMORE                       PL",34.2184,-118.3468
"184","191304654","01/12/2019 12:00:00 AM",2019-01-12 12:00:00,"1750","13","Newton","1344",2,753,"DISCHARGE FIREARMS/SHOTS FIRED",0,"Invest Cont","400 E  42ND                         PL",34.0078,-118.2636
"185","191205275","01/19/2019 12:00:00 AM",2019-01-19 12:00:00,"2000","12","77th Street","1235",2,753,"DISCHARGE FIREARMS/SHOTS FIRED",0,"Invest Cont","BUDLONG                      AV",33.985,-118.2958
"186","190508694","04/17/2019 12:00:00 AM",2019-04-17 12:00:00,"2325","05","Harbor","0525",2,753,"DISCHARGE FIREARMS/SHOTS FIRED",0,"Invest Cont","D",33.774,-118.2659
"187","191206729","02/08/2019 12:00:00 AM",2019-02-08 12:00:00,"2040","12","77th Street","1269",2,753,"DISCHARGE FIREARMS/SHOTS FIRED",0,"Invest Cont","MCKINLEY                     AV",33.9638,-118.2629
"188","191511552","05/26/2019 12:00:00 AM",2019-05-26 12:00:00,"2000","15","N Hollywood","1505",2,753,"DISCHARGE FIREARMS/SHOTS FIRED",26,"Adult Arrest","7300    LANKERSHIM                   BL",34.2031,-118.3878
"189","191700698","06/08/2019 12:00:00 AM",2019-06-07 12:00:00,"2300","17","Devonshire","1719",2,753,"DISCHARGE FIREARMS/SHOTS FIRED",0,"Invest Cont","HARVEST",34.2779,-118.4726
"190","191308044","03/15/2019 12:00:00 AM",2019-03-15 12:00:00,"1900","13","Newton","1352",2,753,"DISCHARGE FIREARMS/SHOTS FIRED",0,"Invest Cont","43RD                         ST",34.0057,-118.2685
"191","190700649","04/21/2019 12:00:00 AM",2019-04-21 12:00:00,"0027","07","Wilshire","0753",2,753,"DISCHARGE FIREARMS/SHOTS FIRED",56,"Invest Cont","1200 S  SIERRA BONITA                AV",34.0537,-118.3619
"192","191900720","05/04/2019 12:00:00 AM",2019-05-04 12:00:00,"0015","19","Mission","1944",2,753,"DISCHARGE FIREARMS/SHOTS FIRED",27,"Invest Cont","CHATSWORTH",34.2741,-118.4484
"193","190513084","07/24/2019 12:00:00 AM",2019-07-17 12:00:00,"1400","05","Harbor","0587",2,753,"DISCHARGE FIREARMS/SHOTS FIRED",0,"Juv Arrest","30TH                         ST",33.717,-118.2907
"194","190500954","09/07/2019 12:00:00 AM",2019-09-07 12:00:00,"0447","05","Harbor","0531",2,753,"DISCHARGE FIREARMS/SHOTS FIRED",0,"Invest Cont","BELLE PORTE                  AV",33.7869,-118.3013
"195","191100572","03/15/2019 12:00:00 AM",2019-03-15 12:00:00,"0140","11","Northeast","1146",2,753,"DISCHARGE FIREARMS/SHOTS FIRED",0,"Invest Cont","2900    ALLESANDRO                   ST",34.1042,-118.2463
"196","190507358","03/17/2019 12:00:00 AM",2019-03-17 12:00:00,"0045","05","Harbor","0507",2,753,"DISCHARGE FIREARMS/SHOTS FIRED",0,"Invest Cont","227TH                        ST",33.8202,-118.3015
"197","190511375","06/16/2019 12:00:00 AM",2019-06-16 12:00:00,"2115","05","Harbor","0564",2,753,"DISCHARGE FIREARMS/SHOTS FIRED",0,"Invest Cont","100 S  MESA                         ST",33.7433,-118.2857
"198","191508911","04/05/2019 12:00:00 AM",2019-04-03 12:00:00,"2043","15","N Hollywood","1506",2,753,"DISCHARGE FIREARMS/SHOTS FIRED",0,"Invest Cont","11200    COHASSET                     ST",34.2067,-118.3747
"199","191117393","09/30/2019 12:00:00 AM",2019-09-29 12:00:00,"0140","11","Northeast","1144",2,753,"DISCHARGE FIREARMS/SHOTS FIRED",0,"Invest Cont","HAWICK",34.1008,-118.2674
"200","191000554","03/01/2019 12:00:00 AM",2019-03-01 12:00:00,"2110","10","West Valley","1018",2,753,"DISCHARGE FIREARMS/SHOTS FIRED",0,"Invest Cont","SATICOY",34.2085,-118.4771
"201","190319237","08/23/2019 12:00:00 AM",2019-08-23 12:00:00,"2035","03","Southwest","0311",2,753,"DISCHARGE FIREARMS/SHOTS FIRED",18,"Invest Cont","5300    GEER                         AV",34.0293,-118.3603
"202","190909012","04/08/2019 12:00:00 AM",2019-04-08 12:00:00,"1950","09","Van Nuys","0914",2,753,"DISCHARGE FIREARMS/SHOTS FIRED",16,"Invest Cont","14600    SHERMAN                      WY",34.2012,-118.4509
"203","190515934","09/25/2019 12:00:00 AM",2019-09-25 12:00:00,"0100","05","Harbor","0565",2,753,"DISCHARGE FIREARMS/SHOTS FIRED",0,"Invest Cont","S  GRAND                        AV",33.7379,-118.2901
"204","190513150","07/26/2019 12:00:00 AM",2019-07-25 12:00:00,"2350","05","Harbor","0522",2,753,"DISCHARGE FIREARMS/SHOTS FIRED",0,"Invest Cont","900    BAYVIEW                      AV",33.781,-118.27
"205","190308288","03/08/2019 12:00:00 AM",2019-03-08 12:00:00,"2027","03","Southwest","0321",2,753,"DISCHARGE FIREARMS/SHOTS FIRED",0,"Invest Cont","3500    ENVILLE                      PL",34.0232,-118.3701
"206","191300502","01/01/2019 12:00:00 AM",2019-01-01 12:00:00,"0005","13","Newton","1362",2,753,"DISCHARGE FIREARMS/SHOTS FIRED",27,"Invest Cont","200 E  47TH                         PL",34.0002,-118.2718
"207","190213060","06/13/2019 12:00:00 AM",2019-06-13 12:00:00,"1230","02","Rampart","0266",2,753,"DISCHARGE FIREARMS/SHOTS FIRED",0,"Invest Cont","700    BEACON                       AV",34.0544,-118.2723
"208","190904453","01/10/2019 12:00:00 AM",2019-01-10 12:00:00,"1525","09","Van Nuys","0932",2,753,"DISCHARGE FIREARMS/SHOTS FIRED",36,"Invest Cont","6200    SYLMAR                       AV",34.1839,-118.4605
"209","191312509","06/03/2019 12:00:00 AM",2019-06-03 12:00:00,"0530","13","Newton","1313",2,753,"DISCHARGE FIREARMS/SHOTS FIRED",0,"Invest Cont","GRIFFITH                     AV",34.0279,-118.2518
"210","191116356","09/09/2019 12:00:00 AM",2019-09-09 12:00:00,"2200","11","Northeast","1109",2,753,"DISCHARGE FIREARMS/SHOTS FIRED",0,"Invest Cont","AVENUE 63",34.1439,-118.1955
"211","191100547","02/07/2019 12:00:00 AM",2019-02-07 12:00:00,"1935","11","Northeast","1127",2,753,"DISCHARGE FIREARMS/SHOTS FIRED",0,"Invest Cont","300    NEWLAND                      ST",34.1186,-118.1848
"212","191900559","02/15/2019 12:00:00 AM",2019-02-15 12:00:00,"0050","19","Mission","1988",2,753,"DISCHARGE FIREARMS/SHOTS FIRED",81,"Invest Cont","9000    MERCEDES                     AV",34.2323,-118.4205
"213","191817198","08/05/2019 12:00:00 AM",2019-08-05 12:00:00,"0300","18","Southeast","1834",2,753,"DISCHARGE FIREARMS/SHOTS FIRED",0,"Invest Cont","800 E  106TH                        ST",33.9401,-118.2608
"214","190306002","01/31/2019 12:00:00 AM",2019-01-31 12:00:00,"1900","03","Southwest","0396",2,753,"DISCHARGE FIREARMS/SHOTS FIRED",18,"Invest Cont","800 W  40TH                         PL",34.0101,-118.2872
"215","191316219","08/05/2019 12:00:00 AM",2019-08-05 12:00:00,"1325","13","Newton","1353",2,753,"DISCHARGE FIREARMS/SHOTS FIRED",0,"Invest Cont","VERNON                       AV",34.0039,-118.2652
"216","191316295","08/06/2019 12:00:00 AM",2019-08-06 12:00:00,"1935","13","Newton","1343",2,753,"DISCHARGE FIREARMS/SHOTS FIRED",0,"Invest Cont","1000 E  MARTIN LUTHER KING JR        BL",34.011,-118.2582
"217","190509038","04/26/2019 12:00:00 AM",2019-04-26 12:00:00,"2130","05","Harbor","0558",2,753,"DISCHARGE FIREARMS/SHOTS FIRED",0,"Invest Cont","200 W  OFARRELL                     ST",33.746,-118.2817
"218","190300887","08/01/2019 12:00:00 AM",2019-07-24 12:00:00,"1700","03","Southwest","0379",2,753,"DISCHARGE FIREARMS/SHOTS FIRED",18,"Invest Cont","3900 S  VERMONT                      AV",34.0145,-118.2937
"219","190100942","10/16/2019 12:00:00 AM",2019-10-16 12:00:00,"1700","01","Central","0111",2,753,"DISCHARGE FIREARMS/SHOTS FIRED",0,"Invest Cont","500 N  FIGUEROA                     ST",34.0617,-118.2469
"220","191611906","07/25/2019 12:00:00 AM",2019-07-25 12:00:00,"1530","16","Foothill","1675",2,753,"DISCHARGE FIREARMS/SHOTS FIRED",32,"Invest Cont","9000    NORRIS                       AV",34.2323,-118.3759
"221","192004002","01/01/2019 12:00:00 AM",2019-01-01 12:00:00,"0010","20","Olympic","2033",2,753,"DISCHARGE FIREARMS/SHOTS FIRED",0,"Invest Cont","800 S  OXFORD                       AV",34.0577,-118.3078
"222","190108971","03/13/2019 12:00:00 AM",2019-03-13 12:00:00,"2135","01","Central","0185",2,753,"DISCHARGE FIREARMS/SHOTS FIRED",0,"Invest Cont","1100 S  MAIN                         ST",34.0391,-118.2581
"223","190513719","08/07/2019 12:00:00 AM",2019-08-07 12:00:00,"2120","05","Harbor","0585",2,753,"DISCHARGE FIREARMS/SHOTS FIRED",0,"Invest Cont","2100 S  PACIFIC                      AV",33.7243,-118.2963
"224","191607908","04/14/2019 12:00:00 AM",2019-04-14 12:00:00,"2125","16","Foothill","1601",2,753,"DISCHARGE FIREARMS/SHOTS FIRED",0,"Invest Cont","13200    CORCORAN                     ST",34.2857,-118.4205
"225","191416191","07/02/2019 12:00:00 AM",2019-07-01 12:00:00,"0600","14","Pacific","1455",2,753,"DISCHARGE FIREARMS/SHOTS FIRED",31,"Invest Cont","4100 S  CENTINELA                    AV",33.9885,-118.4237
"226","191711391","06/14/2019 12:00:00 AM",2019-06-14 12:00:00,"1300","17","Devonshire","1735",2,753,"DISCHARGE FIREARMS/SHOTS FIRED",0,"Invest Cont","CELTIC                       ST",34.2693,-118.5099
"227","191219908","08/07/2019 12:00:00 AM",2019-08-07 12:00:00,"0100","12","77th Street","1267",2,753,"DISCHARGE FIREARMS/SHOTS FIRED",47,"Adult Other","OLIVE",33.9601,-118.2793
"228","191222904","09/17/2019 12:00:00 AM",2019-09-17 12:00:00,"0440","12","77th Street","1239",2,753,"DISCHARGE FIREARMS/SHOTS FIRED",60,"Adult Other","5900    BONSALLO                     AV",33.9874,-118.2859
"229","190306933","02/15/2019 12:00:00 AM",2019-02-15 12:00:00,"2115","03","Southwest","0375",2,753,"DISCHARGE FIREARMS/SHOTS FIRED",18,"Invest Cont","39TH                         ST",34.0147,-118.3111
"230","191800661","06/15/2019 12:00:00 AM",2019-06-15 12:00:00,"1900","18","Southeast","1801",2,753,"DISCHARGE FIREARMS/SHOTS FIRED",29,"Invest Cont","8600 S  FIGUEROA                     ST",33.9555,-118.2871
"231","190320942","09/17/2019 12:00:00 AM",2019-09-17 12:00:00,"2009","03","Southwest","0353",2,753,"DISCHARGE FIREARMS/SHOTS FIRED",18,"Invest Cont","3500    CHESAPEAKE                   AV",34.0238,-118.3452
"232","190500815","07/04/2019 12:00:00 AM",2019-07-04 12:00:00,"1910","05","Harbor","0514",2,753,"DISCHARGE FIREARMS/SHOTS FIRED",0,"Invest Cont","1200 W  YOUNG                        ST",33.785,-118.2779
"233","190500795","06/19/2019 12:00:00 AM",2019-06-19 12:00:00,"2130","05","Harbor","0507",2,753,"DISCHARGE FIREARMS/SHOTS FIRED",0,"Invest Cont","227TH",33.8202,-118.3089
"234","190300578","02/26/2019 12:00:00 AM",2019-02-26 12:00:00,"1405","03","Southwest","0332",2,753,"DISCHARGE FIREARMS/SHOTS FIRED",18,"Invest Cont","2900    HILLCREST                    DR",34.0294,-118.3429
"235","191512794","06/20/2019 12:00:00 AM",2019-06-20 12:00:00,"0108","15","N Hollywood","1531",2,753,"DISCHARGE FIREARMS/SHOTS FIRED",17,"Invest Cont","12600    OXNARD                       ST",34.1794,-118.4073
"236","191223541","09/24/2019 12:00:00 AM",2019-09-24 12:00:00,"2000","12","77th Street","1265",2,753,"DISCHARGE FIREARMS/SHOTS FIRED",0,"Invest Cont","1500 W  84TH                         PL",33.9618,-118.3025
"237","190907545","03/12/2019 12:00:00 AM",2019-03-12 12:00:00,"0710","09","Van Nuys","0911",2,753,"DISCHARGE FIREARMS/SHOTS FIRED",32,"Invest Cont","6800    SEPULVEDA                    BL",34.1938,-118.4702
"238","190908567","03/31/2019 12:00:00 AM",2019-03-30 12:00:00,"2210","09","Van Nuys","0933",2,753,"DISCHARGE FIREARMS/SHOTS FIRED",0,"Invest Cont","DELANO                       ST",34.1827,-118.4531
"239","190300960","09/08/2019 12:00:00 AM",2019-09-08 12:00:00,"1405","03","Southwest","0397",2,753,"DISCHARGE FIREARMS/SHOTS FIRED",18,"Invest Cont","43RD                         ST",34.0055,-118.3002
"240","190904549","01/12/2019 12:00:00 AM",2019-01-12 12:00:00,"0200","09","Van Nuys","0989",2,753,"DISCHARGE FIREARMS/SHOTS FIRED",35,"Invest Cont","4300    ALLOTT                       AV",34.1475,-118.428
"241","191014286","08/31/2019 12:00:00 AM",2019-08-31 12:00:00,"0457","10","West Valley","1015",2,753,"DISCHARGE FIREARMS/SHOTS FIRED",0,"Invest Cont","7500    ETIWANDA                     AV",34.2066,-118.5317
"242","191222650","09/14/2019 12:00:00 AM",2019-09-14 12:00:00,"0125","12","77th Street","1268",2,753,"DISCHARGE FIREARMS/SHOTS FIRED",0,"Invest Cont","84TH                         PL",33.9619,-118.2717
"243","190507933","03/31/2019 12:00:00 AM",2019-03-31 12:00:00,"0125","05","Harbor","0564",2,753,"DISCHARGE FIREARMS/SHOTS FIRED",70,"Invest Cont","400 W  SANTA CRUZ                   ST",33.741,-118.2838
"244","191200749","08/10/2019 12:00:00 AM",2019-08-10 12:00:00,"2340","12","77th Street","1266",2,753,"DISCHARGE FIREARMS/SHOTS FIRED",35,"Invest Cont","8000 S  FIGUEROA                     ST",33.9668,-118.2827
"245","191805168","01/22/2019 12:00:00 AM",2019-01-22 12:00:00,"1837","18","Southeast","1849",2,753,"DISCHARGE FIREARMS/SHOTS FIRED",0,"Invest Cont","GRAPE                        ST",33.9315,-118.2363
"246","190506352","02/23/2019 12:00:00 AM",2019-02-23 12:00:00,"1530","05","Harbor","0507",2,753,"DISCHARGE FIREARMS/SHOTS FIRED",0,"Invest Cont","225TH                        ST",33.8223,-118.3015
"247","190512932","07/21/2019 12:00:00 AM",2019-07-21 12:00:00,"2315","05","Harbor","0519",2,753,"DISCHARGE FIREARMS/SHOTS FIRED",0,"Invest Cont","GAMBLE                       AV",33.7945,-118.2437
"248","190510176","05/20/2019 12:00:00 AM",2019-05-19 12:00:00,"2100","05","Harbor","0565",2,753,"DISCHARGE FIREARMS/SHOTS FIRED",0,"Invest Cont","9TH                          ST",33.7361,-118.2923
"249","191912861","07/04/2019 12:00:00 AM",2019-07-04 12:00:00,"2115","19","Mission","1983",2,753,"DISCHARGE FIREARMS/SHOTS FIRED",30,"Invest Cont","8400    COLUMBUS                     AV",34.2231,-118.4655
"250","190510997","06/08/2019 12:00:00 AM",2019-06-08 12:00:00,"0026","05","Harbor","0557",2,753,"DISCHARGE FIREARMS/SHOTS FIRED",0,"Invest Cont","5TH                          ST",33.7397,-118.2923
"251","191212662","05/01/2019 12:00:00 AM",2019-05-01 12:00:00,"1714","12","77th Street","1258",2,753,"DISCHARGE FIREARMS/SHOTS FIRED",0,"Invest Cont","75TH                         ST",33.9718,-118.2739
"252","190507013","03/10/2019 12:00:00 AM",2019-03-10 12:00:00,"2225","05","Harbor","0503",2,753,"DISCHARGE FIREARMS/SHOTS FIRED",0,"Invest Cont","252ND                        ST",33.7958,-118.2959
"253","190310324","04/06/2019 12:00:00 AM",2019-04-06 12:00:00,"2130","03","Southwest","0379",2,753,"DISCHARGE FIREARMS/SHOTS FIRED",18,"Invest Cont","3900 S  BUDLONG                      AV",34.0155,-118.2959
"254","190300559","02/17/2019 12:00:00 AM",2019-02-16 12:00:00,"2355","03","Southwest","0331",2,753,"DISCHARGE FIREARMS/SHOTS FIRED",18,"Invest Cont","30TH                         ST",34.0283,-118.3492
"255","190315061","06/18/2019 12:00:00 AM",2019-06-18 12:00:00,"0300","03","Southwest","0392",2,753,"DISCHARGE FIREARMS/SHOTS FIRED",18,"Adult Arrest","2900 W  VERNON                       AV",34.0037,-118.3246
"256","190315757","06/29/2019 12:00:00 AM",2019-06-29 12:00:00,"0700","03","Southwest","0361",2,753,"DISCHARGE FIREARMS/SHOTS FIRED",18,"Invest Cont","4700    TACANA                       ST",34.0163,-118.3507
"257","191209201","03/17/2019 12:00:00 AM",2019-03-17 12:00:00,"1830","12","77th Street","1263",2,753,"DISCHARGE FIREARMS/SHOTS FIRED",0,"Invest Cont","ST ANDREWS",33.9627,-118.3112
"258","190300606","03/10/2019 12:00:00 AM",2019-03-09 12:00:00,"2355","03","Southwest","0332",2,753,"DISCHARGE FIREARMS/SHOTS FIRED",18,"Invest Cont","2600    HILLCREST                    DR",34.0321,-118.3428
"259","191600748","05/02/2019 12:00:00 AM",2019-05-02 12:00:00,"1340","16","Foothill","1645",2,753,"DISCHARGE FIREARMS/SHOTS FIRED",0,"Invest Cont","PIERCE                       ST",34.2701,-118.4094
"260","190401190","09/05/2019 12:00:00 AM",2019-09-05 12:00:00,"2345","04","Hollenbeck","0414",2,753,"DISCHARGE FIREARMS/SHOTS FIRED",0,"Invest Cont","AVENUE 28",34.081,-118.2076
"261","190121968","08/30/2019 12:00:00 AM",2019-08-29 12:00:00,"1800","01","Central","0195",2,753,"DISCHARGE FIREARMS/SHOTS FIRED",0,"Invest Cont","1300 S  MAIN                         ST",34.0364,-118.2603
"262","191200817","10/05/2019 12:00:00 AM",2019-10-05 12:00:00,"1000","12","77th Street","1242",2,753,"DISCHARGE FIREARMS/SHOTS FIRED",0,"Invest Cont","6600    MADDEN                       AV",33.9797,-118.3255
"263","191309325","04/06/2019 12:00:00 AM",2019-04-06 12:00:00,"2020","13","Newton","1347",2,753,"DISCHARGE FIREARMS/SHOTS FIRED",0,"Invest Cont","4000    MORGAN                       AV",34.0102,-118.2451
"264","191204108","01/02/2019 12:00:00 AM",2019-01-02 12:00:00,"0004","12","77th Street","1215",2,753,"DISCHARGE FIREARMS/SHOTS FIRED",0,"Adult Arrest","1400 W  54TH                         ST",33.9932,-118.3002
"265","190912399","06/16/2019 12:00:00 AM",2019-06-16 12:00:00,"0025","09","Van Nuys","0966",2,753,"DISCHARGE FIREARMS/SHOTS FIRED",0,"Invest Cont","FULTON",34.1622,-118.4269
"266","191400705","04/23/2019 12:00:00 AM",2019-04-23 12:00:00,"0640","14","Pacific","1495",2,753,"DISCHARGE FIREARMS/SHOTS FIRED",0,"Adult Other","9100    JENNY                        AV",33.9542,-118.3892
"267","190404597","01/15/2019 12:00:00 AM",2019-01-15 12:00:00,"2055","04","Hollenbeck","0497",2,753,"DISCHARGE FIREARMS/SHOTS FIRED",0,"Invest Cont","3100 E  12TH                         ST",34.0191,-118.2134
"268","191000661","05/05/2019 12:00:00 AM",2019-05-05 12:00:00,"2220","10","West Valley","1035",2,753,"DISCHARGE FIREARMS/SHOTS FIRED",0,"Invest Cont","ETIWANDA",34.1903,-118.5317
"269","190311202","04/20/2019 12:00:00 AM",2019-04-20 12:00:00,"0230","03","Southwest","0392",2,753,"DISCHARGE FIREARMS/SHOTS FIRED",18,"Invest Cont","50TH                         ST",33.9978,-118.3247
"270","191516172","08/25/2019 12:00:00 AM",2019-08-25 12:00:00,"0030","15","N Hollywood","1532",2,753,"DISCHARGE FIREARMS/SHOTS FIRED",0,"Invest Cont","12200    SYLVAN                       ST",34.1849,-118.4011
"271","191501221","09/26/2019 12:00:00 AM",2019-09-26 12:00:00,"0115","15","N Hollywood","1521",2,753,"DISCHARGE FIREARMS/SHOTS FIRED",0,"Invest Cont","13200    GAULT                        ST",34.1994,-118.4203
"272","191307060","02/26/2019 12:00:00 AM",2019-02-26 12:00:00,"2110","13","Newton","1393",2,753,"DISCHARGE FIREARMS/SHOTS FIRED",0,"Invest Cont","200 W  70TH                         ST",33.9765,-118.2761
"273","191014503","09/05/2019 12:00:00 AM",2019-09-05 12:00:00,"0325","10","West Valley","1015",2,753,"DISCHARGE FIREARMS/SHOTS FIRED",0,"Invest Cont","SHERMAN                      WY",34.2012,-118.5241
"274","190315047","06/17/2019 12:00:00 AM",2019-06-17 12:00:00,"2315","03","Southwest","0331",2,753,"DISCHARGE FIREARMS/SHOTS FIRED",18,"Invest Cont","4900    WESTHAVEN                    ST",34.0278,-118.3508
"275","190516086","09/27/2019 12:00:00 AM",2019-09-27 12:00:00,"2350","05","Harbor","0531",2,753,"DISCHARGE FIREARMS/SHOTS FIRED",0,"Invest Cont","1500 W  261ST                        ST",33.786,-118.3032
"276","191900740","05/08/2019 12:00:00 AM",2019-05-08 12:00:00,"0130","19","Mission","1971",2,753,"DISCHARGE FIREARMS/SHOTS FIRED",0,"Invest Cont","9000    ORION                        AV",34.2338,-118.472
"277","190315413","06/23/2019 12:00:00 AM",2019-06-23 12:00:00,"1400","03","Southwest","0313",2,753,"DISCHARGE FIREARMS/SHOTS FIRED",18,"Adult Arrest","4200    MONTCLAIR                    ST",34.0333,-118.3311
"278","190610383","04/21/2019 12:00:00 AM",2019-04-21 12:00:00,"0045","06","Hollywood","0668",2,753,"DISCHARGE FIREARMS/SHOTS FIRED",0,"Invest Cont","5600    LEXINGTON                    AV",34.0928,-118.3109
"279","191300674","05/05/2019 12:00:00 AM",2019-05-05 12:00:00,"0120","13","Newton","1371",2,753,"DISCHARGE FIREARMS/SHOTS FIRED",0,"Invest Cont","53RD                         ST",33.9942,-118.2783
"280","191306125","02/09/2019 12:00:00 AM",2019-02-09 12:00:00,"0735","13","Newton","1377",2,753,"DISCHARGE FIREARMS/SHOTS FIRED",0,"Invest Cont","55TH                         ST",33.993,-118.2411
"281","190408220","04/07/2019 12:00:00 AM",2019-04-07 12:00:00,"1055","04","Hollenbeck","0416",2,753,"DISCHARGE FIREARMS/SHOTS FIRED",0,"Invest Cont","LINCOLN PARK                 AV",34.0805,-118.2028
"282","191900519","01/13/2019 12:00:00 AM",2019-01-13 12:00:00,"0802","19","Mission","1983",2,753,"DISCHARGE FIREARMS/SHOTS FIRED",0,"Invest Cont","COLUMBUS",34.2247,-118.4655
"283","191010286","05/27/2019 12:00:00 AM",2019-05-27 12:00:00,"2040","10","West Valley","1029",2,753,"DISCHARGE FIREARMS/SHOTS FIRED",0,"Invest Cont","7100    WOODLEY                      AV",34.1994,-118.4837
"284","191117149","09/24/2019 12:00:00 AM",2019-09-24 12:00:00,"2255","11","Northeast","1146",2,753,"DISCHARGE FIREARMS/SHOTS FIRED",0,"Invest Cont","MARSH",34.1041,-118.2487
"285","192111787","06/06/2019 12:00:00 AM",2019-06-01 12:00:00,"2330","21","Topanga","2139",2,753,"DISCHARGE FIREARMS/SHOTS FIRED",54,"Adult Other","7500    OAKDALE                      AV",34.2064,-118.5669
"286","190509861","05/13/2019 12:00:00 AM",2019-05-13 12:00:00,"2130","05","Harbor","0507",2,753,"DISCHARGE FIREARMS/SHOTS FIRED",0,"Invest Cont","1300 W  225TH                        ST",33.8223,-118.2991
"287","191008431","04/12/2019 12:00:00 AM",2019-04-12 12:00:00,"2205","10","West Valley","1043",2,753,"DISCHARGE FIREARMS/SHOTS FIRED",0,"Invest Cont","HATTERAS                     ST",34.1775,-118.536
"288","191300832","08/04/2019 12:00:00 AM",2019-08-04 12:00:00,"0130","13","Newton","1353",2,753,"DISCHARGE FIREARMS/SHOTS FIRED",0,"Invest Cont","700 E  43RD                         ST",34.0057,-118.2635
"289","190410547","06/01/2019 12:00:00 AM",2019-06-01 12:00:00,"2334","04","Hollenbeck","0459",2,753,"DISCHARGE FIREARMS/SHOTS FIRED",0,"Invest Cont","100 W  1ST                          ST",34.045,-118.1956
"290","191209292","03/18/2019 12:00:00 AM",2019-03-18 12:00:00,"1615","12","77th Street","1266",2,753,"DISCHARGE FIREARMS/SHOTS FIRED",0,"Invest Cont","81ST                         ST",33.966,-118.2827
"291","190705093","01/24/2019 12:00:00 AM",2019-01-24 12:00:00,"1825","07","Wilshire","0758",2,753,"DISCHARGE FIREARMS/SHOTS FIRED",0,"Invest Cont","1200    WEST                         BL",34.0519,-118.3324
"292","191508258","03/23/2019 12:00:00 AM",2019-03-23 12:00:00,"2215","15","N Hollywood","1539",2,753,"DISCHARGE FIREARMS/SHOTS FIRED",29,"Invest Cont","5600    CAHUENGA                     BL",34.1722,-118.3615
"293","190514583","08/25/2019 12:00:00 AM",2019-08-25 12:00:00,"2310","05","Harbor","0584",2,753,"DISCHARGE FIREARMS/SHOTS FIRED",0,"Invest Cont","GAFFEY                       ST",33.7152,-118.2929
"294","191313697","06/21/2019 12:00:00 AM",2019-06-21 12:00:00,"2248","13","Newton","1393",2,753,"DISCHARGE FIREARMS/SHOTS FIRED",0,"Invest Cont","6600 S  MAIN                         ST",33.9786,-118.2761
"295","190218353","09/13/2019 12:00:00 AM",2019-09-13 12:00:00,"2153","02","Rampart","0248",2,753,"DISCHARGE FIREARMS/SHOTS FIRED",0,"Invest Cont","500    WITMER                       ST",34.0561,-118.2653
"296","191404323","01/05/2019 12:00:00 AM",2019-01-05 12:00:00,"0100","14","Pacific","1438",2,753,"DISCHARGE FIREARMS/SHOTS FIRED",0,"Adult Arrest","3600    WESTWOOD                     BL",34.021,-118.4128
"297","190105594","01/25/2019 12:00:00 AM",2019-01-22 12:00:00,"2000","01","Central","0158",2,753,"DISCHARGE FIREARMS/SHOTS FIRED",0,"Invest Cont","800 E  6TH                          ST",34.0408,-118.2428
"298","191500986","07/09/2019 12:00:00 AM",2019-07-08 12:00:00,"0030","15","N Hollywood","1529",2,753,"DISCHARGE FIREARMS/SHOTS FIRED",0,"Adult Arrest","VICTORY",34.1867,-118.3659
"299","191207440","02/19/2019 12:00:00 AM",2019-02-19 12:00:00,"1820","12","77th Street","1215",2,753,"DISCHARGE FIREARMS/SHOTS FIRED",0,"Invest Cont","1000 W  58TH                         ST",33.9897,-118.2915
"300","191200803","09/25/2019 12:00:00 AM",2019-09-25 12:00:00,"0255","12","77th Street","1267",2,753,"DISCHARGE FIREARMS/SHOTS FIRED",0,"Invest Cont","8300 S  FIGUEROA                     ST",33.9637,-118.2827
"301","191505326","01/27/2019 12:00:00 AM",2019-01-27 12:00:00,"0430","15","N Hollywood","1539",2,753,"DISCHARGE FIREARMS/SHOTS FIRED",0,"Invest Cont","5800    RIVERTON                     AV",34.1758,-118.3659
"302","192005628","02/04/2019 12:00:00 AM",2019-02-04 12:00:00,"0630","20","Olympic","2002",2,753,"DISCHARGE FIREARMS/SHOTS FIRED",0,"Invest Cont","5100    MELROSE                      AV",34.0835,-118.3114
"303","190300797","06/22/2019 12:00:00 AM",2019-06-22 12:00:00,"1030","03","Southwest","0317",2,753,"DISCHARGE FIREARMS/SHOTS FIRED",18,"Invest Cont","1500 W  22ND                         PL",34.0357,-118.2915
"304","191117674","10/07/2019 12:00:00 AM",2019-10-06 12:00:00,"2250","11","Northeast","1134",2,753,"DISCHARGE FIREARMS/SHOTS FIRED",0,"Invest Cont","CAZADOR",34.1048,-118.234
"305","191215508","06/06/2019 12:00:00 AM",2019-06-06 12:00:00,"1910","12","77th Street","1265",2,753,"DISCHARGE FIREARMS/SHOTS FIRED",0,"Invest Cont","83RD                         ST",33.9637,-118.3003
"306","191211827","04/20/2019 12:00:00 AM",2019-04-20 12:00:00,"0030","12","77th Street","1258",2,753,"DISCHARGE FIREARMS/SHOTS FIRED",52,"Invest Cont","200 E  76TH                         ST",33.9713,-118.2717
"307","190304534","01/09/2019 12:00:00 AM",2019-01-09 12:00:00,"1900","03","Southwest","0397",2,753,"DISCHARGE FIREARMS/SHOTS FIRED",0,"Invest Cont","1200 W  42ND                         ST",34.0073,-118.2959
"308","190612784","05/31/2019 12:00:00 AM",2019-05-31 12:00:00,"0300","06","Hollywood","0615",2,753,"DISCHARGE FIREARMS/SHOTS FIRED",0,"Invest Cont","WHITLEY",34.1113,-118.3332
"309","191414722","06/23/2019 12:00:00 AM",2019-06-23 12:00:00,"2130","14","Pacific","1431",2,753,"DISCHARGE FIREARMS/SHOTS FIRED",0,"Invest Cont","1500    SPEEDWAY",33.9877,-118.4738
"310","190401161","08/31/2019 12:00:00 AM",2019-08-31 12:00:00,"0215","04","Hollenbeck","0477",2,753,"DISCHARGE FIREARMS/SHOTS FIRED",0,"Invest Cont","WHITTIER                     BL",34.0333,-118.2132
"311","190306360","02/06/2019 12:00:00 AM",2019-02-06 12:00:00,"2210","03","Southwest","0355",2,753,"DISCHARGE FIREARMS/SHOTS FIRED",18,"Invest Cont","SAINT ANDREWS                PL",34.0247,-118.3119
"312","190513277","07/29/2019 12:00:00 AM",2019-07-29 12:00:00,"2330","05","Harbor","0524",2,753,"DISCHARGE FIREARMS/SHOTS FIRED",0,"Invest Cont","GULF                         AV",33.7749,-118.2764
"313","190317951","08/01/2019 12:00:00 AM",2019-07-24 12:00:00,"1700","03","Southwest","0379",2,753,"DISCHARGE FIREARMS/SHOTS FIRED",18,"Adult Arrest","3900 S  VERMONT                      AV",34.0145,-118.2937
"314","191205026","01/15/2019 12:00:00 AM",2019-01-15 12:00:00,"1740","12","77th Street","1255",2,753,"DISCHARGE FIREARMS/SHOTS FIRED",55,"Invest Cont","7300 S  NORMANDIE                    AV",33.9737,-118.3003
"315","191316282","08/06/2019 12:00:00 AM",2019-07-19 12:00:00,"1700","13","Newton","1309",2,753,"DISCHARGE FIREARMS/SHOTS FIRED",58,"Invest Cont","1800 E  15TH                         ST",34.0236,-118.2393
"316","191808985","03/27/2019 12:00:00 AM",2019-03-27 12:00:00,"0005","18","Southeast","1834",2,753,"DISCHARGE FIREARMS/SHOTS FIRED",0,"Invest Cont","CLOVIS                       AV",33.9393,-118.2565
"317","191614069","09/17/2019 12:00:00 AM",2019-09-11 12:00:00,"2000","16","Foothill","1685",2,753,"DISCHARGE FIREARMS/SHOTS FIRED",49,"Invest Cont","11600    CANTARA                      ST",34.2194,-118.385
"318","190709589","04/23/2019 12:00:00 AM",2019-04-23 12:00:00,"2245","07","Wilshire","0759",2,753,"DISCHARGE FIREARMS/SHOTS FIRED",0,"Invest Cont","1100    BRONSON                      AV",34.0495,-118.3215
"319","190312409","05/08/2019 12:00:00 AM",2019-05-08 12:00:00,"1715","03","Southwest","0356",2,753,"DISCHARGE FIREARMS/SHOTS FIRED",18,"Adult Arrest","WESTERN                      AV",34.0237,-118.3089
"320","191607345","03/29/2019 12:00:00 AM",2019-03-29 12:00:00,"2130","16","Foothill","1601",2,753,"DISCHARGE FIREARMS/SHOTS FIRED",0,"Invest Cont","12900    EUSTACE                      ST",34.285,-118.4135
"321","191805383","01/25/2019 12:00:00 AM",2019-01-25 12:00:00,"1835","18","Southeast","1804",2,753,"DISCHARGE FIREARMS/SHOTS FIRED",0,"Invest Cont","800 E  88TH                         ST",33.9574,-118.2608
"322","190508788","04/20/2019 12:00:00 AM",2019-04-20 12:00:00,"0300","05","Harbor","0528",2,753,"DISCHARGE FIREARMS/SHOTS FIRED",0,"Invest Cont","1100    SANFORD                      AV",33.7853,-118.2506
"323","191320332","10/12/2019 12:00:00 AM",2019-10-12 12:00:00,"0430","13","Newton","1317",2,753,"DISCHARGE FIREARMS/SHOTS FIRED",26,"Invest Cont","1500 E  WASHINGTON                   BL",34.022,-118.246
"324","190513617","08/05/2019 12:00:00 AM",2019-08-05 12:00:00,"2250","05","Harbor","0519",2,753,"DISCHARGE FIREARMS/SHOTS FIRED",0,"Invest Cont","SANFORD                      AV",33.7941,-118.2512
"325","191310490","04/27/2019 12:00:00 AM",2019-04-27 12:00:00,"1930","13","Newton","1395",2,753,"DISCHARGE FIREARMS/SHOTS FIRED",0,"Invest Cont","300 E  64TH                         ST",33.9815,-118.2695
"326","190510711","06/02/2019 12:00:00 AM",2019-06-02 12:00:00,"0108","05","Harbor","0513",2,753,"DISCHARGE FIREARMS/SHOTS FIRED",0,"Invest Cont","1100 W  252ND                        ST",33.7958,-118.2959
"327","191608382","04/27/2019 12:00:00 AM",2019-04-26 12:00:00,"1100","16","Foothill","1675",2,753,"DISCHARGE FIREARMS/SHOTS FIRED",40,"Invest Cont","11100    PENROSE                      ST",34.2284,-118.3725
"328","190506361","02/23/2019 12:00:00 AM",2019-02-23 12:00:00,"1850","05","Harbor","0514",2,753,"DISCHARGE FIREARMS/SHOTS FIRED",0,"Invest Cont","1100 W  CRUCES                       ST",33.7914,-118.2764
"329","190512598","07/13/2019 12:00:00 AM",2019-07-13 12:00:00,"1829","05","Harbor","0504",2,753,"DISCHARGE FIREARMS/SHOTS FIRED",0,"Invest Cont","HARVARD                      BL",33.8429,-118.3066
"330","191213961","05/19/2019 12:00:00 AM",2019-05-19 12:00:00,"0145","12","77th Street","1258",2,753,"DISCHARGE FIREARMS/SHOTS FIRED",0,"Invest Cont","200 W  75TH                         ST",33.9718,-118.2761
"331","191107535","03/16/2019 12:00:00 AM",2019-03-03 12:00:00,"2150","11","Northeast","1146",2,753,"DISCHARGE FIREARMS/SHOTS FIRED",0,"Invest Cont","2900    RIPPLE                       PL",34.1059,-118.2493
"332","191212555","04/30/2019 12:00:00 AM",2019-04-30 12:00:00,"0314","12","77th Street","1266",2,753,"DISCHARGE FIREARMS/SHOTS FIRED",0,"Invest Cont","82ND                         ST",33.9651,-118.2812
"333","190400616","02/17/2019 12:00:00 AM",2019-02-16 12:00:00,"2100","04","Hollenbeck","0439",2,753,"DISCHARGE FIREARMS/SHOTS FIRED",0,"Invest Cont","1900 N  MARIANNA                     AV",34.0638,-118.1785
"334","190411064","06/14/2019 12:00:00 AM",2019-06-14 12:00:00,"2339","04","Hollenbeck","0449",2,753,"DISCHARGE FIREARMS/SHOTS FIRED",0,"Invest Cont","1000    STONE                        ST",34.0489,-118.1944
"335","191100623","06/16/2019 12:00:00 AM",2019-06-16 12:00:00,"0203","11","Northeast","1178",2,753,"DISCHARGE FIREARMS/SHOTS FIRED",0,"Invest Cont","1100    ISABEL                       ST",34.0958,-118.2228
"336","190218746","09/20/2019 12:00:00 AM",2019-09-20 12:00:00,"1445","02","Rampart","0281",2,753,"DISCHARGE FIREARMS/SHOTS FIRED",0,"Invest Cont","1200 S  HOOVER                       ST",34.0492,-118.2842
"337","190716187","09/06/2019 12:00:00 AM",2019-09-06 12:00:00,"0335","07","Wilshire","0784",2,753,"DISCHARGE FIREARMS/SHOTS FIRED",0,"Invest Cont","2100 S  ORANGE                       DR",34.0389,-118.3505
"338","190509810","05/13/2019 12:00:00 AM",2019-05-13 12:00:00,"0235","05","Harbor","0503",2,753,"DISCHARGE FIREARMS/SHOTS FIRED",0,"Invest Cont","252ND                        ST",33.7958,-118.2959
"339","190507934","03/31/2019 12:00:00 AM",2019-03-30 12:00:00,"1900","05","Harbor","0564",2,753,"DISCHARGE FIREARMS/SHOTS FIRED",31,"Invest Cont","100 N  MESA                         ST",33.7433,-118.2857
"340","190704253","01/07/2019 12:00:00 AM",2019-01-07 12:00:00,"0236","07","Wilshire","0762",2,753,"DISCHARGE FIREARMS/SHOTS FIRED",0,"Invest Cont","S  POINT VIEW                   ST",34.0504,-118.3704
"341","191821298","10/11/2019 12:00:00 AM",2019-10-11 12:00:00,"0005","18","Southeast","1821",2,753,"DISCHARGE FIREARMS/SHOTS FIRED",0,"Adult Arrest","500 W  98TH                         ST",33.9472,-118.2826
"342","191808523","03/17/2019 12:00:00 AM",2019-03-16 12:00:00,"2300","18","Southeast","1832",2,753,"DISCHARGE FIREARMS/SHOTS FIRED",67,"Invest Cont","400 W  106TH                        ST",33.9401,-118.2805
"343","190312028","05/03/2019 12:00:00 AM",2019-05-03 12:00:00,"0445","03","Southwest","0362",2,753,"DISCHARGE FIREARMS/SHOTS FIRED",18,"Invest Cont","3900    ROXANNE                      AV",34.0162,-118.3482
"344","191610248","06/29/2019 12:00:00 AM",2019-06-28 12:00:00,"2215","16","Foothill","1663",2,753,"DISCHARGE FIREARMS/SHOTS FIRED",0,"Adult Arrest","12700    OSBORNE                      ST",34.2386,-118.402
"345","191300680","05/11/2019 12:00:00 AM",2019-05-11 12:00:00,"0025","13","Newton","1352",2,753,"DISCHARGE FIREARMS/SHOTS FIRED",0,"Invest Cont","400 E  42ND                         PL",34.0066,-118.2685
"346","190705391","01/30/2019 12:00:00 AM",2019-01-19 12:00:00,"1300","07","Wilshire","0732",2,753,"DISCHARGE FIREARMS/SHOTS FIRED",59,"Invest Cont","6500    DREXEL                       AV",34.0691,-118.369
"347","191000742","07/10/2019 12:00:00 AM",2019-07-10 12:00:00,"2050","10","West Valley","1035",2,753,"DISCHARGE FIREARMS/SHOTS FIRED",0,"Invest Cont","6600    LINDLEY                      AV",34.1903,-118.5273
"348","190704247","01/06/2019 12:00:00 AM",2019-01-06 12:00:00,"2220","07","Wilshire","0775",2,753,"DISCHARGE FIREARMS/SHOTS FIRED",0,"Invest Cont","4600    SATURN                       ST",34.0432,-118.3385
"349","190215486","07/27/2019 12:00:00 AM",2019-07-27 12:00:00,"0445","02","Rampart","0261",2,753,"DISCHARGE FIREARMS/SHOTS FIRED",18,"Invest Cont","2400 W  8TH                          ST",34.0563,-118.281
"350","191905174","01/25/2019 12:00:00 AM",2019-01-25 12:00:00,"2250","19","Mission","1979",2,753,"DISCHARGE FIREARMS/SHOTS FIRED",0,"Invest Cont","9100    PATRICK                      AV",34.2346,-118.4147
"351","191300831","08/04/2019 12:00:00 AM",2019-08-04 12:00:00,"0220","13","Newton","1353",2,753,"DISCHARGE FIREARMS/SHOTS FIRED",0,"Invest Cont","43RD                         ST",34.0037,-118.2609
"352","190514202","08/17/2019 12:00:00 AM",2019-08-17 12:00:00,"2105","05","Harbor","0507",2,753,"DISCHARGE FIREARMS/SHOTS FIRED",0,"Invest Cont","1600    228TH                        ST",33.819,-118.3063
"353","191910469","05/15/2019 12:00:00 AM",2019-05-15 12:00:00,"2220","19","Mission","1902",2,753,"DISCHARGE FIREARMS/SHOTS FIRED",30,"Invest Cont","14800    COBALT                       ST",34.3204,-118.455
"354","190400823","04/26/2019 12:00:00 AM",2019-04-26 12:00:00,"1555","04","Hollenbeck","0438",2,753,"DISCHARGE FIREARMS/SHOTS FIRED",0,"Invest Cont","2800    ROUND                        DR",34.0774,-118.1722
"355","191900971","08/17/2019 12:00:00 AM",2019-08-17 12:00:00,"0320","19","Mission","1958",2,753,"DISCHARGE FIREARMS/SHOTS FIRED",18,"Invest Cont","FILMORE",34.2522,-118.4484
"356","191115244","08/17/2019 12:00:00 AM",2019-08-14 12:00:00,"2144","11","Northeast","1119",2,753,"DISCHARGE FIREARMS/SHOTS FIRED",0,"Invest Cont","4900    NEOLA                        PL",34.136,-118.1945
"357","190308127","03/06/2019 12:00:00 AM",2019-03-06 12:00:00,"0145","03","Southwest","0333",2,753,"DISCHARGE FIREARMS/SHOTS FIRED",18,"Invest Cont","30TH                         ST",34.0276,-118.3395
"358","191316216","08/06/2019 12:00:00 AM",2019-08-05 12:00:00,"0600","13","Newton","1327",2,753,"DISCHARGE FIREARMS/SHOTS FIRED",0,"Adult Arrest","HOOPER                       PL",34.0167,-118.2481
"359","191901072","09/18/2019 12:00:00 AM",2019-09-17 12:00:00,"1400","19","Mission","1907",2,753,"DISCHARGE FIREARMS/SHOTS FIRED",48,"Invest Cont","13000    ALEXANDER                    ST",34.3041,-118.4162
"360","190504005","01/01/2019 12:00:00 AM",2019-01-01 12:00:00,"0001","05","Harbor","0564",2,753,"DISCHARGE FIREARMS/SHOTS FIRED",0,"Adult Other","300 W  SANTA CRUZ                   ST",33.741,-118.2838
"361","190604755","01/17/2019 12:00:00 AM",2019-01-14 12:00:00,"2230","06","Hollywood","0646",2,753,"DISCHARGE FIREARMS/SHOTS FIRED",38,"Invest Cont","WILCOX                       AV",34.1016,-118.331
"362","190900652","05/18/2019 12:00:00 AM",2019-05-18 12:00:00,"0020","09","Van Nuys","0919",2,753,"DISCHARGE FIREARMS/SHOTS FIRED",0,"Invest Cont","6800    VARNA                        AV",34.194,-118.4236
"363","191211347","04/13/2019 12:00:00 AM",2019-04-13 12:00:00,"0420","12","77th Street","1269",2,753,"DISCHARGE FIREARMS/SHOTS FIRED",0,"Invest Cont","400 E  84TH                         PL",33.962,-118.2673
"364","191600600","02/16/2019 12:00:00 AM",2019-02-16 12:00:00,"1945","16","Foothill","1612",2,753,"DISCHARGE FIREARMS/SHOTS FIRED",0,"Adult Arrest","11200    DE GARMO                     AV",34.2737,-118.4146
